*Independent -> Independent
*independent -> Independent
1&1 -> 1&1 IONOS
1&1 Telecommunication SE -> 1und1 Telecommunication SE
10th Magnitude -> 10th Magnitude Inc.
17media -> 17LIVE
2100Computer Lane -> Computer Lane
2gis -> 2GIS
3DSIM -> Ansys
3scale -> 3scale Inc
42 Tech -> 42TECH
4finance -> SIA 4finance IT Sp. z o. o. Oddziat w Polsce
6WIND -> 6WIND S.A.
7th Heaven, Inc -> 7th Heaven
8x8 -> 8x8 Inc.
99cloud -> 99Cloud Inc.
A.P. Moller - Maersk -> Maersk
A1 Digital -> A1 Digital International GmbH
AAA -> American Automobile Association
ACI Worldwide -> ACI Worldwide Inc.
ACM -> ACM-Sahyadri
ACQUIA -> Acquia Inc.
ADLINK -> ADLINK Technology Inc.
ADP -> Automatic Data Processing Inc.
ADTRAN -> Adtran
ADVA -> Adva Optical Networking SE
AID Tech -> AID:Tech
ALO7 -> ALO7 爱乐奇
ALTA Language Services, Inc -> ALTA Language Services
AMD -> Advanced Micro Devices Inc.
AMETEK -> Vision Research
AMEX -> LoyaltyEdge from American Express
ANZ -> ANZ Banking Group Ltd.
AOE GmbH -> AOE
AOk Networks -> AOK Networks
APIMatic -> APIMatic Limited
ARLAN SI LLP -> Arlan Systems Integration
ARRIS -> Arris
ASKUL -> ASKUL Corporation
ASML -> ASML US Inc.
ASP -> ASPE Inc.
ASRC Federal Vistronix -> ASRC Federal
ASTEK -> Astek Corporation
ASTRI -> Hong Kong Applied Science and Technology Research Institute Company Ltd
AT&T -> AT&T Services Inc.
AWS -> Amazon
AXA -> AXA Financial Inc.
AZ Informática Ltda -> AZ Informática
Aberystwyth University -> Independent
AboutYou -> ABOUT YOU
Abto -> Abto Software
Abyeti -> Abyeti Technologies
Accelerant Mobile Corp. -> Accelerant Mobile Corp
Accenture Belgium -> Accenture
Accenture España -> Accenture
Accenture The Netherlands -> Accenture
Accenture in India -> Accenture
Accord -> Accord Project LLC
Accton -> Accton Technology Corporation
Acision -> Acision Czech Republic sro
Acquia -> Acquia Inc.
Acronis -> Acronis Inc.
Act-On Software -> Act-On Software Inc.
Actian -> Actian Corporation
Actifio -> Actifio Inc.
Actionml -> ActionML
ActiveState -> ActiveState Software Inc.
Activision Blizzard -> Activision Blizzard Inc
Acumen Holdings -> Acumen
AdHoc Networks -> Adhoc Networks
AdNovum Informatik AG -> AdNovum
AdaCore -> ADACORE INC
Adafruit Industries -> Adafruit
AdapTech -> AdapTechSolutions
AdapTech Solutions Ltd. -> AdapTechSolutions.net
AddThis | Oracle -> Oracle
Adecco -> Adecco Group
Adfinis SyGroup -> Adfinis
Adhara -> Adhara Limited
Adjust -> Custard Insurance Adjusters Inc.
Adler -> Durkopp Adler AG
Adobe -> Adobe Systems Inc.
Adorsys -> adorsys GmbH & Co. KG
Aetna -> Aetna Inc.
Agari -> Agari Data Inc
Agilysys -> Agilysys Inc.
Agirc-Arrco -> GIRC Agirc-Arrco
Ahead4 -> Ahead4 Limited
Ahold -> Ahold Delhaize USA
Ahold Delhaize -> Ahold Delhaize USA
Aiko Systems -> AIKO SYSTEM
AirMap -> AirMapInc.
AirTies -> AirTies Wireless Networks
Aive -> Aiven Inc
Akamai -> Akamai Technologies Inc.
Akamai Technologies -> Akamai Technologies Inc.
Akana -> Akana Inc.
Akelius Residential -> Akelius Residential Property AB
Akena -> AKENA
Akka -> Akka.NET
Alaska Airlines -> Alaska Air Group
Alcatel -> Alcatel Canada
Alcoa -> Alcoa Inc.
Alert Logic -> Alert Logic Inc.
Alfacloud -> AlfaCloud
Alibaba Group -> Alibaba
Aliyun -> Alibaba Cloud
Allianz -> Allianz Deutschland AG
Allstate -> Allstate Insurance Company
Allterco Robotics -> ALLTERCO
Alluxio -> Alluxio Inc.
Ally -> Welch Allyn
AlphaSense -> Alpha-Sense
Alphacomm B.V. -> Alphacomm
Alstom -> Alstom Group
Altiscale -> Altiscale Inc.
Altisource -> Altisource Portfolio Solutions
Altitude -> Altitude Angel
Altos -> Altos Computing Inc.
Altos Research -> Altos Computing Inc.
Amadeus SAS -> Amadeus
Amadeus sas -> Amadeus
Amagroup -> AMA ARCHITECTS
Amaiz -> AMA Group
Amaris -> Amaris Lusa LDA
Amazon Web -> Amazon Web Services Inc.
Amazon Web Services (@aws) -> Amazon
Amazon Web Services (AWS) -> Amazon
Amazon Web Services -> Amazon
Ambrella -> Ambarella
Amd -> Advanced Micro Devices Inc.
Amdocs -> Amdocs (Development Limited)
Amesys -> AMSYS
Amicale -> Amicale Cashmere.
Amigo -> AmigoCloud
Ampere -> Ampere Computing
Amplidata -> Quantum Corporation
Amplifier -> Amplifi
Amplify -> Amplify Education
Amrita -> Amrita Vishwa Vidyapeetham
Anaconda -> Anaconda Inc
Analog Devices -> Analog Devices Inc.
Anapaya -> Anapaya Systems
Anaplan -> Anaplan Inc.
Ancestry -> Ancestry.com Inc.
Ancestry.com -> Ancestry.com Inc.
Anchorage -> Anchor Labs Inc
Anchore -> Anchore Inc.
Andela -> Andela Inc.
Anders Inno -> Anders Innovations Oy
Animal Creek -> Animal Creek Technologies
Anonymous -> Independent
Ant Financial -> ant group
Antares -> Antimatter Studios
Antmicro -> ANTMICRO LTD
AntyFinancial -> ant group
Antyfinancial -> ant group
Apache Software -> Apache
Apalia -> Apalia SAS
Apex -> Apex Supply Chain Technologies LLC
App Neta -> AppNeta
AppDynamics -> AppDynamics LLC
AppFormix -> Appformix Inc
AppHelp by AppDirect -> AppDirect
Appian -> Appian Corporation
Applause -> Applause Inc.
Apprenda -> Apprenda Inc.
AppsCode -> AppsCode Inc.
Appthority -> Appthority Inc
Appvia -> Appvia Ltd.
Aptio -> Apptio
Aqr -> AQR Capital Management LLC
Aqua Security -> Aqua Security Software Inc.
Aragon DAC -> Medium Corp.
Arango DB -> ArangoDB
Arbor -> Arbor Commercial Mortgage LLC
Archlinux -> Arch Linux
Arctiq -> Arctiq Inc.
Argo -> Argo AI
Argo Technologie -> Argo AI
Argonne National Laboratory -> Argonne National Labs
Argus Cyber Security -> Argus Cyber Security Ltd.
Arimo -> Arimo LLC
Arismore -> Accenture Global Solutions Limited
Arista -> Arista Networks
Arkéa -> Fédéral Service Crédit Mutuel Arkéa
Arm -> ARM
Armory -> Armory Inc
Arounds -> Teamport Inc.
Arrow Electronics -> Arrow Electronics Inc.
Aruba -> Aruba Networks HPE
Aruba Networks -> Aruba Networks Inc.
Ascent Networks -> Ascent
Ascent RegTech -> Ascent
Ascent Robotics -> Ascent
Asiainfo -> Asiainfo Technologies (China)  Inc.
Asml -> ASML US Inc.
Aspect -> Aspect Software Inc.
Assert Selenium -> AssertSelenium
Assurity Consulting Limited -> Assurity
Astek -> Astek Corporation
AstraZeneca -> AstraZeneca Pharmaceuticals
Astrafox -> ASTRAFOX
Athenahealth -> athenahealth Inc.
AtherEnergy -> Ather Energy Pvt Ltd
Atihita -> Lambda Linux Project
Atlas Copco -> Atlas Copco AB
Atlassian -> Atlassian Inc.
Atmark Techno -> Atmark Techno Inc.
Atmel -> Atmel Corporation
Atomist -> Atomist Inc.
Aurora Borealis technologies -> Aurora
AuthO -> Auth0
AutoScout -> AutoScout24 GmbH
AutoScout24 -> AutoScout24 GmbH
Autoliv -> Autoliv Inc. US
Automag -> AUTOMAG INDIA PVT
Auzom Entertainment -> Auzom
Available for hire -> Independent
Availity -> Availity LLC
Avalanche NG -> Avalanche
Avaya -> Avaya Inc.
AvidXchange -> AvidXchange Inc.
Avvasi -> Avvasi Incorporated
Avvo -> Avvo Inc.
Axians SE -> Axians
Azure @Microsoft -> Azure
Azure Container Service -> Azure
B1 Systems -> B1 Systems GmbH
BAE -> BAE Systems
BBC Children in Need -> BBC
BBC NEWS -> BBC
BCX -> Business Connexion
BGDev -> BG Development
BITMARCK -> BITMARCK Technik GmbH
BMC -> BMC Software Inc.
BMC Software -> BMC Software Inc.
BMC True Sight -> BMC Software Inc.
BMO Financial Group -> Bank of Montreal
BMW Group -> BMW
BNP -> BNP Paribas
BNY Mellon -> Bank of New York Mellon
BP Mediawork -> BP MediaWorks
BSI -> Federal Office for Information Security (BSI)
BSkyB -> Sky UK Limited
BUPT -> Beijing University of Posts and Telecommunications (BUPT)
Babylibre -> BabyLibre
Babylon Health -> Babylon Partners Ltd
Baidu -> Baidu Online Network Technology (Beijing) Co. Ltd
Balabit -> BalaBit
Baloise Insurance -> Baloise
Banco do Brasil -> Banco do Brasil S/A.
Bandwidth -> Bandwidth.com Inc.
Bank of America -> Bank of America Corporation
Banzai -> Banzai Media
Barco -> Barco Inc.
Barefoot -> Barefoot Networks Inc.
Barefoot Networks -> Barefoot Networks Inc.
Barkly Protects, Inc. -> Barkly
Barnes & Noble -> Barnes & Noble.com
Barracuda -> Barracuda Networks Inc.
Base CRM -> BaseCRM
BasysKom -> basysKom GmbH
BayLibre -> BabyLibre
Bayara -> BAYARA
Baylibre -> BabyLibre
BearingPoint -> BearingPoint GmbH
Beldougie Ltd -> Beldougie
Bentley -> Bentley Motors Limited
Bentley Systems -> Bentley Systems Incorporated
BeringPoint Technology -> BearingPoint GmbH
Bethesda -> Bethesda Softworks
Betsson -> Betsson Group
Beyond the Rack -> BTR
Bgmenu -> Takeaway.com
Big Switch Networks -> Big Switch Networks Inc.
BigCommerce -> Big Commerce
Bigcommerce -> Big Commerce
Bikeemotion -> bikeemotion
Bilibili Group -> bilibili Group
Bird -> Bird Rides Inc.
Bit Flippers -> RobotInfra
Bitcoin -> Bitcoin Foundation
Bitium -> Bittium
Bitly -> Bitly Inc.
Bitnet Technologies -> BitNet Technology Pvt
Bizo -> LinkedIn Corp.
Black Duck -> Black Duck Software Inc.
Black Duck Software -> Black Duck Software Inc.
BlackRock -> BlackRock Financial Management
Blackbaud -> Blackbaud Inc.
Blackbeard -> Blackbeard Hosting
Blackduck -> Black Duck Software Inc.
Blackstone -> Blackstone Group L.P.
Blackstorm -> Blackstorm crew
Blameless -> Blameless Inc
Blizzard Entertainment -> Blizzard
Blockchain.io -> Blockchain
Blockdaemon -> Blockdaemon Inc.
Blockstack -> Blockstack Inc.
Bloks -> eosio
Bloomberg Industry -> Bloomberg
Bloomberg LP -> Bloomberg
Blue Box -> Blue Box Group
Blue Cross Blue Shield of North Dakota -> Blue Cross Blue Shield Association
Blue Fox -> Bluefox Restaurant
Blue Sentry, Inc. -> Blue Sentry
Blue State Digital -> Blue State Digital Inc
BlueCat -> BlueCat Networks
BlueJeans by Verizon -> Verizon
BlueKitchen -> BTSTACK
Bobs Oil Field Service -> Bob’s Oilfield Service
Bonitasofts -> Bonitasoft Inc.
Bonnier News -> Bonnier News Tech
Booking -> Booking.com B.V.
Booking.com -> Booking.com B.V.
Bootlin -> Free Electrons
Bose -> Bose Corporation
Bosho Technologies -> Basho Technologies Inc.
Bossa Nova Robotica -> Bossa Nova Robotics
Bottomline -> Bottomline Technologies Inc.
Bouvet ASA -> Bouvet
Bouyant -> Buoyant Inc.
Bouyant.IO -> Buoyant Inc.
Bouyant.io -> Buoyant Inc.
Box -> Box Inc.
BoxBoat -> BoxBoat Technologies
Brainsware OG -> brainsware
Braintree -> Braintree Payments
Brandbury Lab -> Bradbury Lab
Brandwatch Ltd -> Brandwatch
Brian Ketelsen, LLC -> Brian Ketelsen
Bright Box -> Bright Box Limited
Bright Roll -> BrightRoll
Brightbox -> Bright Box Limited
Brightcove -> Brightcove Inc.
Brivo -> Brivo Systems
BroadSoft -> BroadSoft Inc
Broadcom -> Broadcom Corporation
BroadridgeFinancial Services  Ne -> Broadridge
Brocade -> Brocade Communications Systems LLC
Brujula d' esplai Binitrui -> Brujula
Bryan T. Richardson -> Independent
Bugsnag -> Bugsnag Inc
Buildit @ Wipro Digital -> Buildit
Buildit!wprodigital -> Buildit
Bull -> Bull HN Information Systems Inc.
Bull SAS -> Atos
Bunchball -> Bunchball inc.
Buni Hub -> eBike Focus
Buoyant -> Buoyant Inc.
Buoyant Inc -> Buoyant Inc.
Buoyant.IO -> Buoyant Inc.
Buoyant.io -> Buoyant Inc.
BuoyantIO -> Buoyant Inc.
Bustle Digital -> Bustle
Bytedance -> ByteDance
CA -> CA Technologies
CAPSiDE | NTT -> CAPSiDE UK Ltd
CAS -> Chemical Abstracts Service
CBRE -> CBRE Group Inc.
CCAC -> Community College Allegheny County
CCC -> CCC Information Services Group
CDW -> CDW Corporation
CENX -> CENX Inc.
CESNET -> CESNET a.l.e.
CET Costruzioni Elettroniche -> CET Electronics
CG Power and Industrial -> CG Power and Industrial Solutions Limited
CGI France -> CGI
CIBC -> CIBC Mellon
CITIC -> CITIC Group Corporation
CLSA -> CLSA Americas
CMD -> CMD Solutions Australia
CNA Insurance -> CNA Financial Corporation
CNEX -> CNEX Labs Inc.
CNEX Labs -> CNEX Labs Inc.
CNM Consulting -> CNM Consulting Inc
COBI.Bike -> Bosch eBike Systems
COLT -> Colt Telecom Services AG
CSG -> CSG International Inc.
CSG International -> CSG International Inc.
CSIRO -> CSIRO/DATA 61
Cadence -> Cadence Design Systems Inc.
Calsoft -> Calsoft Inc.
Camelot -> Camelot Business Solutions Limited
Camptocamp -> Camptocamp SA
Camunda -> Camunda Services GmbH
Canal+ -> CANAL+
Candide -> Candide Gardening
Canonical -> Canonical Ltd.
Canonical, Ltd. -> Canonical Ltd.
Canonical, USA -> Canonical Ltd.
CanonicalLtd -> Canonical Ltd.
Cantab Capital Partners -> Capita
Canvas Medical -> Canvas
Capital One -> Capital One Services Inc.
Cargill -> Cargill Inc.
Carnegie Mellon University -> Independent
Carrot Creative -> Vice Media LLC
Cask Data -> Cask Data Inc.
CasparCG -> CasparCG GFX & Video
Casper -> Casper College
Caswell IT Consulting -> Consulting
Catalogic -> Catalogic Software
Catalyst Zero -> Giant Swarm
Caterpillar Financial -> Caterpillar
CaterpillarFinancial -> Caterpillar
Cem - Galileo -> CEM
CenterForOpenScience -> Center for Open Science
Centro de inovação - EDGE -> Edge
Ceph -> Cephas Security Solutions
Cern -> CERN
Cerner -> Cerner Corporation
Certified -> ExitCertified
CertusNet -> CertusNet Inc.
ChatWork -> Chatwork
ChatWork, Co. Ltd. -> Chatwork
Chatwork, Co. Ltd. -> Chatwork
Checkr, Inc. -> Checkr
Chef -> Chef Software Inc.
Chef Software -> Chef Software Inc.
Chegg -> Chegg Inc.
Chelsio -> Chelsio Communications
China Mobile -> China Mobile Communication Company Ltd
China Unicom Cloud Data -> China Unicom
China Unicom Cloud Data Company Ltd. -> China Unicom
China Unicom Research Institute -> China Unicom
Chinamobile -> China Mobile International Limited
Chroma Estudioa -> Chroma
Chronosphere -> Chronosphere Inc.
Chunghwa -> Chunghwa Telecom
Ciena -> Ciena Corporation
Cimpress-MCP -> Cimpress plc
Cineplex -> Cineplex Entertainment LP
Cisco Systems -> Cisco
Citadel -> Citadel LLC
Citibank -> Citi
Citrix -> Citrix Systems Inc.
City of Philadelphia -> City of Philadelphia and Philadelphia County
CityBase -> CityBaseInc
Claranet -> Claranet Ltd.
Clarity Business Solutions -> Clarity
CleanCodeWorks -> CleanCodeWorks stepped
CleanSlateNow -> CleanSlateNow.
Clear2Pay -> Clear2Pay Belgium
Clemson -> Clemson University
Cleverbridge -> Cleverbridge Inc
Clevertch -> Clevertech
Click Fox -> BryterCX
Clifton -> Clifton Trends Private Limited
Cloud Bees -> CloudBees Inc.
Cloud Elements -> Cloud Elements LLC
Cloud Foundry -> Cloud Foundry Foundation
Cloud Native Computing Foundation -> CNCF
Cloud Niners -> Cloud9ers
Cloud Security -> Cloud Security Alliance
CloudBees -> CloudBees Inc.
CloudBolt -> CloudBolt Software
CloudByte -> CloudByte India Technologies Pvt. Ltd.
CloudCar™ -> CloudCar
CloudCentral -> Cloud Central Pty Ltd
CloudChef -> CloudChef.tech
CloudCredo -> CloudCredo Limited
CloudFlare -> CloudFlare Inc.
CloudOps -> CloudOps Inc.
CloudZone -> Matrix I.T CloudZone LTD
Cloudbase -> Cloudbase Solutions
Cloudera -> Cloudera Inc.
Cloudflare -> CloudFlare Inc.
Cloudian -> Cloudian Inc.
Cloudify -> Cloudify Platform Ltd.
Cloudius Systems -> Cloudius Systems LTD.
Cloudnative Labs -> Cloudnative
Clouds Sky -> Clouds Sky GmbH
Cloudsoft -> Cloudsoft Corporation Ltd
Cloudway -> Cloudways
Club Med -> Club Med India
ClusterHQ -> ClusterHQ Inc
Coastal Pacific Crane & Hoist Engineering -> CP Cranes
Cockroach -> Cockroach Labs
CockroachDB -> Cockroach Labs
Cocroach -> Cockroach Labs
Coda -> Coda Platform
Code School -> Independent
Code for Science and Society -> Code for Science & Society
Code42 -> Code 42 Software
Codecentric -> Codecentric AG
Codefresh -> Codefresh Inc.
CodiLime -> CodiLime Sp. z o.o.
Cogent Embedded -> Cogent Embedded Inc.
CognitiveID -> COGNITIVE ID LTD
Cognito -> Cognito iQ
CollabNet -> CollabNet VersionOne
Collective Health -> Collective Health Inc.
Collibra -> Collibra Connect
Colony -> The Innovation Colony
ComScore -> comScore Inc.
ComSysto -> comSysto GmbH
Comarch -> Comarch S.A.
Combell -> Openminds bvba
Combitech Sverige -> Combitech
Comcast Cable -> Comcast
CommScope -> CommScope Inc.
Commerzbank AG -> Commerzbank
Commonwealth Computer Research -> Commonwealth Computer Research Inc.
Comparative Bioinformatics, CRG -> Comparative Bioinformatics
Compile -> Hunan Compiler Information Technology Co. Ltd
CompuGroup -> CompuGroup Medical USA
Computacenter -> Computacenter AG & Co OHG
Computer Science and Engineering Dept. -> Computer Science and Engineering
Comscore -> comScore Inc.
Concentra -> Concentra Inc.
Concur -> Concur Technologies Inc.
Condé Nast -> Conde Nast International
Conga -> Congatec
Connect Software Corp -> Connect
Connectifier -> LinkedIn Corp.
Conseev -> Conseev LLC
ConsenSys -> ConsenSys AG
Constant Contact -> Constant Contact Inc.
ContainerShip -> Containership Inc
ContainerSolutions -> Container Solutions
ContainerStack.io -> containerstack
Continental -> Continental AG
Continuous Delivery -> Continuous Delivery Foundation
Control Plane -> ControlPlane
Convedia -> Jon Arnold
Convergys -> Convergys Corporation
Cookpad -> Cookpad Inc. (UK)
Coraid -> Coraid Inc.
CoreLogic -> CoreLogic Inc.
CoreOS -> CoreOS Inc.
CoreOS, Inc (we're hiring!) -> CoreOS Inc.
CoreOS, Inc -> CoreOS Inc.
CoreOS, Inc. -> CoreOS Inc.
Coriant -> Coriant GMBH
Corpus Solutions a.s. -> Corpus Solutions
Correct Context -> Correct Context Sp
Corrections.com -> corrections partners
Cosmo -> Cosmo Software Consulting Private Ltd.
Costco Wholesale -> Costco Wholesale Corporation
Couchbase -> Couchbase Inc.
CouldBees -> CloudBees Inc.
Counselling Cell IIT Roorkee -> Wellness Center
Counsyl -> Counsyl Inc.
Covata -> Covata Limited
CoverMyMeds -> CoverMyMeds LLC
Coverity -> Coverity Inc.
Cozybit -> cozybit
Cradlepoint -> Cradlepoint Inc
Crash Course -> CrashCourse
Cray -> HPE
Creater Commons -> Creative Commons
Creationline -> Creationline Inc.
Credit Karma -> Credit Karma Inc.
Cree -> Cree Inc.
Crowe -> Crowe LLP
Cruise -> Cruise Automation
Crunch Accounting -> Crunch
Crunch-accounting -> Crunch
Crunchy Data -> Crunchy Data Solutions Inc.
Crédit Agricole -> Credit Agricole Americas
Ctrip -> Ctrip car rental Department
Ctrip.com -> Ctrip car rental Department
Cubarte -> periodico Cubarte
Cumulocity -> Cumulocity GmbH
Cumulus -> Cumulus Networks Inc.
Cumulus Networks -> Cumulus Networks Inc.
Curity -> Curity AB
Currency One S.A. -> Currency One SA
Cvent -> Cvent Inc.
CyberAgent -> Cyberagent Inc.
CyberArk -> CyberArk Software Inc.
CyberSource -> Cyber Source
Cyberagent -> Cyberagent Inc.
Cybercom -> Cybercom Group AB
Cybersource -> Cyber Source
Cyient -> Cyient Limited
Cypress Semiconductor Corporation -> Cypress Semiconductor
Cyrus -> Cyrus Biotechnology
Cyso, MOD -> CYSO
D2SI -> Devoteam Revolve
DBS -> DBS Bank
DFINITY -> DFINITY Foundation
DG-i KG -> Dembach Goo Informatik GmbH & Co. KG
DHL -> DHL Express
DIRECTTV -> DirecTV
DISH Network -> DISH Network Corporation
DMM -> DMM.com Ltd.
DOMO -> Domo
DRUD Tech -> Drud Technology LLC
DVLA -> Driver and Vehicle Licensing Agency
DXC -> DXC Technology
Dailymotion -> DAILYMOTION SA
Daimler FleetBoard -> Daimler
Daimler Trucks Asia -> Daimler
Daimler TSS -> Daimler TSS
Daimler -> Daimler
DaoCloud -> DaoCloud (Shanghai DaoCloud Network Technology Co LTD)
DaoCloud Co -> DaoCloud (Shanghai DaoCloud Network Technology Co LTD)
DaoCloud Co,.Ltd -> DaoCloud (Shanghai DaoCloud Network Technology Co LTD)
DaoCloud Ltd -> DaoCloud (Shanghai DaoCloud Network Technology Co LTD)
DaoCloud.io -> DaoCloud (Shanghai DaoCloud Network Technology Co LTD)
Daocloud -> DaoCloud (Shanghai DaoCloud Network Technology Co LTD)
Daptiv -> Changepoint
Dashine -> DASHINE ELECTRONICS CO
Dassault Systèmes -> Dassault Systemes North America
Data Scientist, Intel Security -> Intel
DataArt -> DataArt Solutions Inc. DBA: DeviceHive
DataCentred -> DataCentred Ltd
DataDog -> Datadog Inc.
DataStax -> DataStax Inc.
Databricks -> Databricks Inc.
Datadog -> Datadog Inc.
Datalink -> Datalink Corporation
Datawire.io -> Datawire
Datera -> Datera Inc.
Datica -> Datica Health Inc
Daugherty -> Daugherty Business Solutions
Davidson -> Davidson Consulting
Day by Day -> Daybyday
Daynix -> Daynix Computing LTD
Daynix Computing -> Daynix Computing LTD
De Persgroep -> DPG Media
DeNA -> Dena Corp
Dealer. -> Dealer.com
Deepfield Networks -> Nokia Corporation
Defence Research -> DRDO
Delft University of Technology -> Independent
Delivery Hero Holding -> Delivery Hero
Dell -> dell
Dell KACE -> Quest Software Inc
Dell Technologies -> dell
Deloitte -> Deloitte New Zealand
Delphi -> Delphi Electronics & Safety
Department for Work and Pensions -> HMPO
Derivco -> Derivco IOM
Desjardins -> Desjardins Group
Detecon -> Detecon International GmbH
Deutsche -> Deutsche Bank AG
Deutsche Bank -> Deutsche Bank AG
Deutsche Telekom Pan-Net -> Deutsche Telekom
DevOps -> DevOps Institute
DevOps Porto meetup -> MeetUp
DevOpsGroup -> DevOps Institute
Devguard -> devguard.io
Devops -> DevOps Institute
Devoxx4Kids -> Devoxx4Kids USA
Devsisters Corp. -> Devsisters
Dexcom -> Dexcom Inc.
Dgraph-io -> Dgraph Labs Inc.
DiDi -> Xiaoju Science Technology (Hong Kong) Limited
Dialog Axiata -> Dialog Axiata PLC
Digi-Key -> Digi-Key Corporation
Digital Asset -> Digital Asset Holdings LLC
Digital Ocean -> DigitalOcean
Digital Transformation -> Digital Transformation University LTD
Digital ocean -> DigitalOcean
DigitalGlobe -> DigitalGlobe Inc.
Digitalis -> Digitalist Group Oyj (formerly) Ixonos Plc
Digitalocean -> DigitalOcean
Digiwin -> Digiwin Software
Diprotech -> DiproTech
Discovery -> Discovery Communications
Disney -> Walt Disney Animation Studios
Distributed Systems Laboratory -> University of Pennsylvania
Divala -> Diwala
Docker -> Docker Inc.
Domino Data -> dominodatalab.com
Dream Production -> Dream Productions
DreamBox.com -> Dreambox Learning
Dreams -> eDreams ODIGEO
Dreamworks -> DreamWorks Animation
Drinker Biddle & Reath -> Faegre Drinker
DroneDeploy -> Drone Deploy
Dronolab -> Dronolab - ÉTS
DropBox -> Dropbox
DropHops -> DropHop
Dropbox, Inc. -> Dropbox
Drupal -> Drupal Project
Dun & Bradstreet -> Dun & Bradstreet Corporation
Dynatrace -> Dynatrace LLC
Dyson -> Dyson Inc.
E.ON -> Eon Cloud
E.ON Digital Technology -> Eon Cloud
EA DICE (Electronic arts) -> EA DICE
EFACTORY -> Missouri State University
EMC Isilon -> Dell Inc.
ENEA -> ENEA Software AB
ENEA AB -> ENEA Software AB
EPAM -> EPAM Systems
ESET -> ESET North America
ETAS -> ETAL LIMITED
ETRI -> Electronics and Telecommunications Research Institute (ETRI)
EUIPO -> EUIPO - European Union Intellectual Property Office
EXFO -> EXFO Inc.
EXXETA -> EXXETA GmbH
EY -> Ernst & Young
Earnest -> Earnest Operations
EasyStack -> EasyStack Inc.
Easystack -> EasyStack Inc.
Ebay -> eBay Inc.
Ecma -> Ecma International
Econocom -> Econocom USA
Edgecore Networks Corporation -> Edgecore Network Corporation
Edmunds -> Edmunds.com Inc.
Eficode -> Eficode Oy
El Alemán -> TALLER EL ALEMÁN
Elastic -> Elasticsearch Inc.
Elastisys -> Elastisys AB
Eldarion, Inc. -> Eldarion
Electric Cloud -> Electric Cloud Inc.
Eliassen -> Eliassen Group
Elisa Oyj, Feedtrail Oy -> Independent
Ellie Mae -> Ellie Mae Inc.
Embraer -> Embraer Aircraft Maintenance Services Inc
Embrane -> Cisco Systems Inc.
Emind -> Emind Software Co. Ltd.
Emindsoft -> Emind Software Co. Ltd.
Emulex -> Emulex Corporation
Enalean -> Tuleap-Enalean
Encore -> Encored Technologies Inc.
Endeavor Robotics -> FLIR Systems Inc.
Endless -> Endless Mobile Inc.
Enea -> ENEA Software AB
Enea AB -> ENEA Software AB
Eneco Energy -> Eneco Energy Limited
Enghouse -> Enghouse Systems
Engine Yard -> Deis Inc. (EngineYard)
Envipartner -> ENVIPARTNER
Eon -> Eon Cloud
Epic -> Epic Systems
Epic Games -> Epic Games Inc.
Epic Games, Inc. -> Epic Games Inc.
Epsilon -> Epsilon Data Management LLC
Equalibra -> Эквалибра
Ericcson -> Ericsson
Erlang Solutions -> Erlang Solutions Ltd
Esper -> Esperanto Technologies Inc.
Espressif Systems -> Espressif
Esri -> Esri Northeast Africa
Estateably -> Estateably Inc.
Etix -> Etix Everywhere
Etsy -> Etsy Inc.
Eucalyptus Systems -> Eucalyptus
European Patent -> European Patent Office
Eurotech -> Eurotech S.p.A.
EverQuote -> EverQuote Inc.
Evergreen IT Services L.L.C. -> Evergreen IT Services
Everis -> everis
EveryQuote -> EverQuote Inc.
Everyone Counts -> Votem
Evry ASA -> TietoEVRY
Examplempany -> chakra
Exaring AG -> Exaring
Exati -> Blacksmith-Labs
Exp:resso -> Expresso
Expansion -> Glass Expansion
Expedia -> Expedia Group
Express Scripts -> Express Scripts Inc.
ExtraHop -> ExtraHop Networks
Extreme -> Extreme Networks Inc.
Extreme Networks -> Extreme Networks Inc.
Eze Software -> Eze Software Group
F5 Networks -> F5 Networks Inc.
F5Networks -> F5 Networks Inc.
FAMC-Development -> FAMC
FAYN -> Fayn
FINkit® is Fiserv -> FINkit
FIS -> Fidelity Information Services
FRIDAY Versicherung -> Deutsche Niederlassung der FRIDAY Insurance S.A.
FUJITSU ENABLING SOFTWARE TECHNOLOGY GMBH -> Fujitsu Limited
Facebok -> Facebook Inc.
Facebook -> Facebook Inc.
Facilet -> Facile Services Pvt
FactSet -> FactSet Research Systems Inc.
Fairfax Media -> Fairfax
Fairfield -> Fairfield University
Fairway Technologies -> Accenture plc
Fairway Technologies, Inc -> Accenture plc
Fairwinds -> Fairwinds Ops Inc
Falco -> Falcon.io
Faraday -> Faraday Technology Corporation
Fargate -> Amazon
Farmers Edge Inc -> Farmers Edge
Fast Retailing -> Fast Retailing USA Inc.
Fast White -> Fast White Cat
Fazlamesai -> fazlamesai.net
Federal Home Loan Mortgage -> Federal Home Loan Mortgage Corporation
Fides -> Fidessa Corporation
Fidessa -> Fidessa Corporation
Figure Eight -> Appen
Filipkart -> Flipkart
Financial Times -> The Financial Times Limited
Finciero -> F6S
Finnova -> finnova AG Bankware
Fire Eye -> FireEye
Fiserv -> Fiserv Inc.
Fiserv Auckland -> Fiserv Inc.
Fishtech Group -> Fishtech
Fitbit -> Fitbit Inc.
Fixstars -> Fixstars Corporation
Flavia IT -> FLAVIA IT-Management
Flixbus @flix-tech -> FlixTech
Flow Tech -> Smart Information Flow Technologies (SIFT)
Fly.io -> Fly.io Inc.
Flyndiq -> Fyndiq
Fojitsu -> Fujitsu Limited
Fon -> Fon Wireless Limited
Foresight Investments -> Foresight
Fortinet -> Fortinet Inc.
Foundries.io -> Foundries.io LTD
Fractal Innovations -> Fractal
Frankly.me -> Frankly
Fraunhofer -> Fraunhofer-Gesellschaft
Fraunhofer FKIE -> Fraunhofer-Gesellschaft
Fraunhofer FOKUS -> Fraunhofer-Gesellschaft
Fraunhofer IAIS -> Fraunhofer-Gesellschaft
Fraunnhofer AISEC -> Fraunhofer-Gesellschaft
FreakOut -> FreakOut Inc.
Free lance -> Independent
Free lancer -> Independent
FreeBSD Foundation -> The FreeBSD Foundation
Freelance -> Independent
Freelancer -> Independent
Frelance -> Freelance Consulting
FreschTracks.io -> FreshTracks.io (CA INC)
Fresh Tracks -> FreshTracks.io (CA INC)
FreshTracks -> FreshTracks.io (CA INC)
FreshTracks.io -> FreshTracks.io (CA INC)
Frrole AI -> Frrole
Fujitsoft -> Fujisoft Incorporated
Fujitsu EST -> Fujitsu Limited
Fujitsu Enabling Software Technology GmbH -> Fujitsu Limited
Fujitsu Estonia -> Fujitsu
Fujitsu FNST -> Fujitsu Limited
Fujitsu Global -> Fujitsu Limited
Fujitsu Technology Solutions -> Fujitsu Limited
Full Stack Dev -> Full Stack
Fusion-io -> Fusion-io Inc.
Futurewei -> Futurewei Technologies Inc.
GDC Fujitsu Poland -> Fujitsu Limited
GFT -> GFT Technologies SE
GIA -> Gemological Institute of America Inc.
GM -> General Motors
GMO -> GMO Pepabo
GS Labs -> Great Software Laboratory Private Limited
GSA -> General Services Administration
Gaisler Research -> Cobham Gaisler
Gamesys -> Gamesys group
Gandi -> gandi.net
Garmin -> Garmin International Inc.
Gatsby -> GatsbyJS
Gemini Exchange -> Gemini
Gemini Open Cloud -> Gemini Open Cloud Computing Inc
General Asembly -> General Assembly
General Dynamics Mission Systems -> General Dynamics
Gentoo -> Gentoo Linux
Geofeedia -> Geofeedia Inc.
Getopts Ltd -> Getopts
GfK -> GfK SE
Gfi -> DGFIP
Ghostcloud -> Ghostcloud Technology Co. Ltd
GitHub -> GitHub Inc.
GitLab -> GitLab Inc.
Glia -> Glia Technologies Inc
Global Payments -> Global Payments Europe
GlobalLogic -> GlobalLogic Inc.
GloballLogic -> GlobalLogic Inc.
Globallogic -> GlobalLogic Inc.
Globo.com -> Globo
Glosowanie.net -> ELECTOR
Go-Graphite -> Graphite
Go-Jek -> GOJEK
GoCardless -> GoCardless Ltd
GoDaddy Inc. -> GoDaddy
Gogo -> Gogolook Co
Gojek -> GOJEK
Goldstar Events -> Goldstar Events Inc.
Google Code-in -> Google
Google Inc -> Google
Google Inc. -> Google
Google Japan, Inc. -> Google
Google Summer -> Google
Google Summer of Code -> Google
Google UK Ltd -> Google
Google via Adecco -> Google
Google, Inc -> Google
Google, Inc. -> Google
Google.Inc -> Google
Government Digital Service -> Goverment Digital Service
Grafana -> Grafana Labs
Grafana labs -> Grafana Labs
Granite -> Granite Digital
Gravitational -> Gravitational Inc.
GreenQloud -> NetApp Inc.
Greenhouse -> Greenhouse Software
Greenqloud -> NetApp Inc.
Gremlin -> Gremlin Inc.
Groupe -> Groupe PSA
Groupe SII -> SII Services
Grupa Wirtualna Polska -> Wirtualna Polska
Guidance -> Guidance Software Inc.
Guidewire -> Guidewire Software
Guidewure -> Guidewire Software
GumGum -> GumGum Inc.
H&R Block -> H&R Block Inc.
H-E-B -> HEB
H3C -> New H3C Technologies Co. Ltd.
HARMAN -> Harman International Industries Inc.
HBO -> HBO Inc.
HCL -> HCL Technologies Ltd.
HCL Technologies -> HCL Technologies Ltd.
HGST -> HGST Inc.
HISP Tanzania -> HISP TANZANIA
HM Revenue & Customs -> HM Revenue and Customs (HMRC)
HONEYWELL -> Honeywell International
HOT -> DAILYHOTEL
HP Cloud Services -> HPE
HP Enterprise -> HP
HPE Cloud Engineering Manager -> HPE
HPE SimpliVity -> SimpliVity
HTC -> HTC America
HTG, Limited -> HTG
HUAWEI -> Huawei Technologies Co. Ltd.
Hacker's Den -> Hackers Den
Hamilton -> Hamilton Company
Handshake -> Handshakerp
Harbur -> Harbur Cloud Solutions
Harman -> Harman International Industries Inc.
Harmonic -> Harmonic Inc.
HarmonyCloud -> Hangzhou HarmonyCloud Technology LTD.
Harris -> Harris Corporation
Hashi -> HashiCorp
Hashrocket -> HASH CAPITAL GROUP LTD
Hasso -> Hasso Plattner Institute for Software Engineering
Hasura -> Hasura Technologies
Haufe -> Haufe Discovery GmbH
HaxFundation -> HAX FUND
Hearsay -> Hearsay Social
Hedera Hashgraph -> Hedera Hashgraph LLC
Helico -> Helico - Medical Devices
Helios -> Helios Watch Store
Helium -> Helium Systems Inc.
Henkel -> Henkels & McCoy Inc.
Heptio -> Heptio Inc.
Heroku -> Heroku Inc.
Hewlett Packard -> HPE
Hewlett Packard Enterprise -> HPE
Hewlett-Packard -> HPE
HewlettPackard -> HPE
Hewlette Packard -> HPE
Hippo Drs -> Hippo Drs.
Hogarth Worldwide -> Hogarth Worldwide Ltd.
Holis -> Holisticon AG
HomeAway -> HomeAway.com Inc.
HomeAway.com -> HomeAway.com Inc.
Homes for Hsringey -> Homes for Haringey
Honeywell -> Honeywell International
Hootsuite Media -> Hootsuite
Hootsuite Media Inc -> Hootsuite
Hortonworks -> Hortonworks Inc. ( acquired by Cloudera)
HostDime -> HostDime.com Inc.
Hostplex Hosting -> CuteStat
Hotelicom Networks -> SmartCast Inc.
HotelsDotCom -> Hotels.com
Hotelscan -> hotelscan
Huawei -> Huawei Technologies Co. Ltd.
Huawei European Research Center -> Huawei Technologies Co. Ltd.
Huawei Ltd -> Huawei Technologies Co. Ltd.
Huawei Technologies -> Huawei Technologies Co. Ltd.
Huawei Technologies Co. Ltd -> Huawei Technologies Co. Ltd.
Huawei Technologies Co., Ltd -> Huawei Technologies Co. Ltd.
Huawei Technologies Co., Ltd. -> Huawei Technologies Co. Ltd.
Huawei-PaaS -> Huawei Technologies Co. Ltd.
Hubrick -> Hubrick Limited
Huddle -> HuddleUp
Hulu -> Hulu LLC
Human Longevity -> Human Longevity Inc.
Humana -> Humana Inc.
Hupp -> Hupp Technologies Pvt
Hut8Labs -> Hut 8 Labs
Hyland -> Hyland Software Inc.
Hyperjump -> Hyperjump Technology
IBM Aspera -> Aspera
IBM Corporation -> IBM
IBM India Pvt. Ltd. -> IBM
IBM Watson -> IBM
ICANN -> Internet Corporation for Assigned Names and Numbers
ICS-FORTH -> FORTH
IDT -> Integrated DNA Technologies Inc
IEEE VET -> Institute of Electrical and Electronics Engineers Inc.
IGATE -> iGATE Corporation
IGT -> International Game Technology
IIIT-DElhi -> IIIT Delhi India
IIJ Innovation -> IIJ Innovation Institute Inc.
IKEA -> IKEA IT AB
INDT -> INdT
INRIA -> Inria (French Institute for Research in Computer Science and Automation)
INRIX -> INRIX Inc.
INdependent -> Independent
IOTech -> IOTech Systems Limited
IP Morgan Chase -> JP Morgan Chase
IPMorganChase -> JP Morgan Chase
IPsoft -> IPsoft Inc.
IQ Option -> IQOPTION LTD
IRCrypt -> ircrypt
ISA Research -> ISA Research Committee 22
ISCAS -> Institute of Software Chinese Academy of Science
ISP RAS -> Ivannikov Institute for System Programming of the RAS
IT Student INSA de Lyon -> Independent
ITH -> ITHAKA
ITK Engineering -> ITK Engineering GmbH
Ibm -> IBM
Iglu.com -> Iglu
Igneous -> Igneous Systems
Iguaz.io -> iguazio
Iguazio -> iguazio
Imagination Technologies -> Imagination
Imaginea Technologies -> Imaginea Technologies Inc
Imaginea Technologies Pvt Ltd -> Imaginea Technologies Inc
Imdepemdemt -> Independent
Imdepemdent -> Independent
Imdependemt -> Independent
Imdependent -> Independent
Imgur -> Imgur: The magic of the Internet
Imperva -> Imperva Inc.
Imtel -> Intel
In Loco Media -> In Loco
InMobi -> InMobi USA
InVision -> InVision AG
Inatel -> Intel
Inbox -> PowerInbox
Increments, Inc -> Increments
Indeendent -> Independent
Indeependent -> Independent
Indeoendent -> Independent
Indepedent -> Independent
Indepeendent -> Independent
Indepemdemt -> Independent
Indepemdent -> Independent
Indepemndent -> Independent
Independant -> Independent
Independemt -> Independent
Independen -> Independent
IndependentI -> Independent
Independeny -> Independent
Independenyt -> Independent
Independet -> Independent
Independnent -> Independent
Independnt -> Independent
Indepenent -> Independent
Indepenfent -> Independent
Indepndent -> Independent
Indepnendent -> Independent
Indeppendent -> Independent
Indepwndent -> Independent
Independenr -> Independent
Independnet -> Independent
Indepent -> Independent
Indepependent -> Independent
Indigitus -> Indigitous
Indpendent -> Independent
Inependent -> Independent
solo.io -> Solo.io
Solo.io -> Solo.io
Infineon -> Infineon Technologies AG
Infineon Technologies -> Infineon Technologies AG
Infinera -> Infinera Corporation
Infinity Works -> Infinity Works Consulting Ltd.
InfluxDB -> InfluxData Inc
InfluxData -> InfluxData Inc
Infobip -> lnfobip d.o.o
Infoblox -> Infoblox Inc.
Infoblox, Inc. -> Infoblox Inc.
Infomaniak -> Infomaniak Network SA
Infomaniak Network -> Infomaniak Network SA
Infor -> INFOR US INC
Infor PSSC -> Infor Pty Ltd
Informa -> Informa North America
Informatica -> Informatica Corporation
InfraCloud -> Infracloud Technologies INC
InfraCloud Technologies -> Infracloud Technologies INC
Ingics -> INGICS TECHNOLOGY
Initcron -> Initcron Systems Private Limited
Inno Power -> Innopower Technology Corporation
Innominds -> Innominds Software Inc.
Innovating Tomorrow -> Innovating Tomorrow  LLC
Intuit -> Intuit
Innuit -> Intuit
Inovex -> inovex GmbH
Inovonics -> Inovonics Wireless Corporation
Inria -> Inria (French Institute for Research in Computer Science and Automation)
Insider -> Business Insider Inc.
Integra Sistemi -> Integra Systems
Integrity Project -> The Integrity Project
Intel Corporation -> Intel
Intelerad Medical Systems -> Intelerad Medical Systems Incorporated
Intellection & ZappiStore -> Intellection
InterCollect -> INTERCOLLECT GROUP LTD
InterContinental Hotels Group (IHG®) -> InterContinental Hotels Group
Intermax -> Intermax Cloudsourcing
Internet Initiative Japan -> Internet Initiative Japan Inc.
Internet Mall -> MallGroup
Interop -> Interop Technologies
Intracom -> Intracom Telecom
Intranisition -> Itransition
IntroPro -> Luxoft Holding Inc
Intuit -> Intuit Inc.
Intuit India -> Intuit Inc.
Intux -> INTEX
Inviqa & Freelancer -> Independent
IoT bzh -> IoT.bzh
Irdeto -> Irdeto USA Inc.
Iron.io -> Iron.io Inc.
IronNet -> IronNet Cybersecurity Inc
Iseit -> Acronym Finder
Ishi -> Ishi Systems Inc
Isotoma -> Isotoma Limited
Israel Defense Forces -> The Israel Defense Forces
Israeli Air Force -> IAF - Israeli Air Force
Istuary Innovation -> Istuary
JBA -> JBAT
JD -> Jd.Com
JD Digits -> Chinabank Payments
JD.COM -> Jd.Com
JD.com -> Jd.Com
JDA Software -> JDA Software Group
JFrog -> JFrog Inc.
JIMU -> jimu
JLL -> JLL (Jones Lang LaSalle Incorporated)
JP Morgan -> JP Morgan Chase
JPMorgan -> JPMorgan Chase
JPMorgan Chase & Co -> JPMorgan Chase
JPMorgan Chase & Co. -> JPMorgan Chase
JPMorgan Chase Co -> JPMorgan Chase
JPMorgan Chase Co. -> JPMorgan Chase
JPMorganChase -> JP Morgan Chase
JRebel -> JRebel XRebel by Perforce
JSC TRASTA KOMERCBANKA -> TKB
Jabil -> Jabil Circuit Inc.
Jabong -> Flipkart Online Services Pvt. Ltd.
Jacobs -> Jacobs Engineering Group Inc.
Jaguar Land Rover -> Jaguar Land Rover Ltd.
Jane Street -> Jane Street Capital
Japan Perl Association -> JPA
Jd -> Jd.Com
Jd.COM -> Jd.Com
Jd.com -> Jd.Com
Jet -> Jet.com
JetBrains -> JetBrains s.r.o.
Jetlore -> PayPal Holdings Inc
Jiff -> Jiff Inc.
Jimdo -> Jimdo GmbH
Jive -> Jive Software Inc.
Jive Software -> Jive Software Inc.
JobCouch -> huge domains
JobDash -> JobDASH
John Lewis Partnership -> John Lewis Partnership plc
Johnko -> Johnko Express
Josh -> Josh Bell
Joyent -> Joyent Inc.
Jump Trading -> Jump Operations LLC
JumpCloud -> JumpCloud Inc.
Jumpin -> Jumping Bean
Jungle Genius Business Technology Solutions -> Jungle Genius
Juniper -> Juniper Networks
Juno -> juno
K-Develop -> KDevelop
K2 -> K2 Inc.
KAWANET -> kawa.net
KCG Holdings -> Virtu Financial Inc.
KIT-AR Ltd -> KIT-AR
KK VESPER -> TableCheck
KMS -> KMS Technology Inc.
KMS Technology -> KMS Technology Inc.
KONUX -> Konos & Lux Ltd
KPMG AG Wirtschaftsprüfungsgesellschaft -> KPMG
KPMG Singapore -> Singapore
KPMG UK -> KPMG
KVH -> KVH Industries Inc.
Kainos -> Kainos Software
Kaizen -> Kaizen Platform
Kakao -> kakaobank
Kalon -> Kalon Couture
Kaplan -> Kaplan Inc
Kasten -> Kasten Inc.
Katch Up -> Katch-Up LLC
Kayla -> KaylaTek
Keen -> Keene State College
Kenzam -> Kenzan Media LLC
Kenzan -> Kenzan Media LLC
Keymetrics -> Keymetrics Inc
Keysight -> Keysight Technologies Inc.
Kforce -> Kforce Inc.
Khanova škola -> Khanova ?kola
Kii -> Kii Corporation
Kik -> Kik Interactive
Kinetica -> Kinetica DB Inc.
Kingsoft -> Beijing Kingsoft Cloud Internet Technology
Kinsta -> Kinsta Ltd.
Kinvolk -> Kinvolk GmbH
Kistler -> Kistler Group
Kitware -> Kitware SAS
Klang Games -> Klang Games GmbH
Klarna AB -> Klarna
Klinche -> hugedomains
Knewton -> Knewton Inc.
Knight -> Knight Watch
Knowit Objectnet AS -> Knowit
Kobo -> Kobo Inc.
Kodiak -> Kodiak Networks
Kohl's -> Kohl's Corporation
Kong -> Kong Inc.
Konsulko -> Konsulko Group
Kontena -> Kontena Inc.
Kontron North America -> Kontron
Kony -> Kony Solutions Inc.
Korn Ferry -> Korn Ferry International
Kpit -> KPIT Technologies Limited
Kroger -> Kroger Co.
Kronos -> Kronos Incorporated
Kumina -> Kumina B.V
Kuri -> Kurio
Kymeric -> Kymeric Technologies
L&T -> L&T Infotech
LFPH -> CD Non LF Test LFPH
LG -> LG Electronics
LIGHTSTEP -> LightStep Inc.
LINAGORA -> Liagora
LINE Corp -> LINE Corporation
Lancope -> Cisco
Latitude -> Latitude Geographics
Lattelecom -> SIA Lattelecom Tehnology
Lawrence Livermore National Laboratory -> Lawrence Livermore National Laboratory (LLNL)
LeafLabs -> LeafLabs LLC
Lehigh University -> Independent
LendingClub -> Lending Club
Lenovo -> Lenovo (United States) Inc.
Leonardo -> Leonardo S.p.A.
Lever -> Lever Inc.
Lexmark -> Lexmark International Inc.
Li9 -> Li9 Technology Solutions
Liberty Global -> Liberty Global Inc.
Liberty Mutual Insurance -> Liberty Mutual Insurance Company
LifeWay -> LifeWay Christian Resources
Liferay -> Liferay Inc.
Liferay Cloud -> Liferay Inc.
Lifion by ADP -> Lifion
LightStep -> LightStep Inc.
Lightstep -> LightStep Inc.
Lightstreamer Srl -> Lightstreamer
Limelight -> Limelight Networks
Linaro -> Linaro Limited
LinkedIn -> LinkedIn Corporation
Linkedln -> LinkedIn Corporation
Linker -> Linker Networks
Linux Foundation -> The Linux Foundation
LinuxFoundation -> The Linux Foundation
Liquid Web -> Liquid Web Hosting Inc.
Lithient -> Tracxn Technologies Private Limited
Lithium Technologies -> Lithium Technologies Inc.
Live Journal -> Live Journal Inc
LivePerson -> LivePerson Inc.
LiveRamp -> LiveRamp Inc
LiveWyer -> LiveWyer Ltd
Lloyds Banking Group -> Lloyds Banking
Lob -> Loblaw Digital
LogMeln -> LogMeIn
Logz -> Logz.io
Lohika -> Lohika Systems Inc.
Lokout -> Lookout Inc
Lookout -> Lookout Inc
LoudDoor -> LoudDoor LLC
Lowe's Companies -> Lowe's Companies Inc.
Luiza Labs -> Luizalabs
Luma -> Luma Pictures
Luminis Technologies -> Luminis
Luxoft -> Luxoft Global Operations GmbH
MD Systems -> material data system
METRONOM -> SC METRO SYSTEMS ROMANIA SRL
MICROSOFT -> Microsoft Corporation
MIPS -> MIPS Technologies
MIT -> MIT Connection Science
MOO -> MOONDA
MSB -> Magic Sandbox (MSB)
MTN -> MTN Satellite Communications
MV Corp -> MV Sport
Macadamian -> Macadamian Technologies
Macquarie -> Macquarie Group USA
Maginatics -> Dell Inc.
Mail.Ru -> Moscow Design Bureau - Compas
Mail.ru -> Moscow Design Bureau - Compas
Mailchimp -> MailChimp
Major -> Major League Baseball
Maloft Pte -> Maloft Pte Ltd.
Malt -> Government of Malta
Mambu -> Mambu B.V.
Man AHL -> Man Group
Mandriva -> Mandriva S.A.
MangoDB -> MongoDB
Manifold -> Manifold.co
Manulife -> Manulife Financial
Manumitting -> Manumitting Techn
MapR -> MapR Technologies
Marchex -> Marchex Inc.
Maredit -> MarcEdit Development
MarkLogic -> MarkLogic Corporation
Marks and Spencer -> Aftoo
Marktplaats -> Marktplaats B.V.
Marvell -> Marvell International Ltd
Marwell -> Marvell International Ltd
Mashape -> Mashape API Marketplace
Math Works -> The MathWorks INC
MathWorks -> MathWorks Inc.
Mathworks -> The MathWorks INC
Matrix -> Wikipedia
Mattel -> Sproutling Inc.
Mattermost -> Mattermost Inc.
Mauswerks -> mausworks
Mavenlink -- @mavenlink -> Mavenlink
Maxim Integrated -> Maxim Integrated Products
MayData -> MayaData
MayData.IO -> MayaData
MayData.io -> MayaData
MayaData.IO -> MayaData
MayaData.io -> MayaData
Mayadata -> MayaData
Mayadata.IO -> MayaData
Mayadata.io -> MayaData
Maydata -> MayaData
Maydata.IO -> MayaData
Maydata.io -> MayaData
McAfee -> McAfee LLC
McGrow-Hill Education -> McGraw Hill
McKinsey&Company -> McKinsey & Company
Med Bridge -> MedBridge S. C.
MedMera Bank AB -> TheBanks.eu
Media Rights -> MRC II Distribution Company L.P.
MediaMath -> MediaMath Inc.
MediaNet -> Media.net Ltd
MediaTek -> MediaTek USA Inc.
Mediatek -> MediaTek USA Inc.
Medicity -> Medicity Speciality Laboratory
Medicore -> MediaCore
MeetSpace -> Meet Space
Meggitt -> Meggitt USA
Meituan -> Meituan-Dianping
Melanomore -> MelaNoMore
Meltwater -> Meltwater Group
MemSQL -> MemSQL Inc.
Memset Hosting -> Memset
Mendix -> Mendix Inc.
Mentor -> Mentor Graphics Corporation
Mentor Graphic -> Mentor Graphics Corporation
Mentor Graphics -> Mentor Graphics Corporation
MentorGraphics -> Mentor Graphics Corporation
Mercadolibre -> MercadoLibre
Mercari US -> Mercari
Mercari, Inc. -> Mercari
Merck & Company -> Merck & Co. Inc.
Mesa3d -> Mesa
Mesoshpere, Inc. -> Mesoshpere
Met Office Informatics Lab -> Met Office Informatics
Meta Networks -> Proofpoint Inc.
MetaX -> MetaXchain
Metacloud -> MetaCloud Inc
Metaswitch -> Metaswitch Networks
Meteor Development -> Meteor
Michelin -> Michelin North America Inc.
Micro Strategy -> MicroStrategy Inc
Micronova srl -> Micronova
Microsemi -> Microsemi A/S
Microsoft - Azure Linux -> Azure
Microsoft -> Microsoft Corporation
Microsoft @Azure -> Azure
Microsoft. -> Microsoft Corporation
Microsofts -> Microsoft Corporation
Middleware360 Solutions -> Middleware360 Solutions Inc.
Midokura -> Midonet/Midokura
Migros Ticaret -> Migros
Millennium -> Millennium Management LLC
MillenniumIT -> Millennium IT
MinIO -> Minio
Mindfire -> Mind Co.ltd
Mindtree -> Mindtree Limited
Minimum Distance LLC -> Minimum Distance
Ministère des Armées -> Ministère de la Défense
Mintel -> Mintel Group Ltd.
Miracle Linux -> Cybertrust Japan Co. Ltd.
Miraki -> Miraki Tech
Mirakl -> MIRACL UK Limited
Mirantis -> Mirantis Inc.
Mirantis, Inc. -> Mirantis Inc.
Mirantis-IT -> Mirantis Inc.
Miras Uniwersity -> MIRAS EDUCATION
Mistbase -> Arm Ltd
Misys -> Misys US
Mitel -> Mitel Networks Corporation
Mixpanel -> Mixpanel Inc.
Mllanox Technologies -> Mellanox Technologies Ltd
Mobile Technology Holdings -> MTHL
Mobilelron -> MobileIron
Mobility Ware -> MobilityWare LLC
Modis -> Volvo IT via Modis
Moltin -> Elastic Path Software Inc
Momentum -> Momentum Dashboard
MongoDB, WonderProxy -> MongoDB
Monsanto -> Monsanto Company
MontaVista -> MontaVista Software LLC
Motorola -> Motorola Mobility Inc.
Move -> Move Inc.
Move Inc -> Move Inc.
Multifarious, Inc. -> Multifarious
Murex -> MUREX SAS
Muse -> muse
Musikum E.V. -> musikum
MyFitnessPal -> MyFitnessPal LLC
Myndshft -> Myndshft Technologies Inc.
Myriad Mobile -> Bushel
N/A -> Independent
N26 -> N26 GmbH
NAIC -> National Association of Insurance Commissioners
NASA -> NASA Ames Research Center
NASA Jet Propulsion Laboratory -> NASA Ames Research Center
NAVER -> Naver
NAVIGATOR -> Mozilla Corporation
NBC Universal & Basekamp -> Basekamp
NBCUniversal -> NBC Universal
NBCUniversal Media -> NBC Universal
NCR Corporation -> NCR
NCSOFT -> NCSOFT Corporation
NCTU -> National Chiao Tung University (NCTU)
NDSU ITS -> North Dakota State University
NEC -> NEC Corporation
NESTAPART -> Nestapart
NGINX -> NGINX International Limited
NHN ENTERTAINMENT -> NHN
NICE -> NICE Netherlands B.V.
NRI -> INRIX Inc.
NTT -> NTT Corporation
NTT DATA UK -> NTT DATA
NTT Laboratories -> NTT Corporation
NTT communications -> NTT Corporation
NTTPC -> Ntt Pc Communications Incorporated
NTU CSIE WSLAB -> National Taiwan University
NTUA -> National Technical University of Athens
NVIDIA -> NVIDIA Corporation
NVidia -> NVIDIA Corporation
NXP -> NXP Semiconductors Netherlands B.V.
NXP Semiconductors -> NXP Semiconductors Netherlands B.V.
NXP acquires Freescale Semiconductor -> NXP Semiconductors Netherlands B.V.
NYU -> NYU Langone Medical Center
Name.com -> Name.com LLC
Namecheap -> Namecheap Inc.
Namely -> Namely Inc.
Nasdaq -> Nasqad Inc.
NatWest Markets -> NatWest
National Instruments -> National Instruments Corporation
Natunix -> Nutanix Inc.
NatureSerwe -> NatureServe
Natureserve -> NatureServe
Natureserwe -> NatureServe
Naver Corp. -> Naver
Nefeli Network -> Nafeli Networks
Nelson Integration -> Nelson Integration LLC
Nemo.ai -> Visely
Neo -> Neo Foundation Ltd
Neo4j -> Neo4j Inc.
Nerim -> NERIM Group of Institutions
Ness Digital Engineering -> Ness Technologies Inc.
Net EASE -> NetEase Inc
Net Ease -> NetEase Inc
NetApp -> NetApp Inc.
NetApp, Inc. -> NetApp Inc.
NetBase -> NetBase Quid
NetCracker -> Netcracker Technology Corporation
NetDev -> The NetDev Society
NetEASE -> NetEase Inc
NetEase -> NetEase Inc
Netapsys Conseil -> Netapsys
Netapsys Grand -> Netapsys
Netcracker -> Netcracker Technology Corporation
Netease -> NetEase Inc
NetlifyCMS -> Netlify
Netmonk -> NetMonk Creative Media
Netronome -> Netronome Systems Inc.
Network Radius -> Radiator Software
Networked Insights -> American Family Insurance
Neural Engineering Data Consortium -> Institute for Signal and Information Processing
Neusoft -> Neusoft Corporation
Neustar -> Administrative Services LLC A Neustar Company
New Media GmbH & Co. -> New Media GmbH
New Media GmbH & Co. KG -> New Media GmbH
New Relic -> New Relic Inc.
New York University -> NYU Langone Medical Center
NewStore -> Newstore Inc.
Newegg -> Newegg Inc.
Newlogic -> Newlogic Impact Lab
Newmount Mining -> Newmont Mining Corporation
Newtek Business Services -> Newtek
Nexenta by DDN -> Nexenta
Nexica -> Nexica Econocom
Next Pathway -> Next Pathway Inc.
NextGear Capital -> NextGear Capital Inc.
Nextdoor -> Nextdoor.com Inc.
Nginx -> NGINX International Limited
Nice -> NICE Netherlands B.V.
Niche -> Niche.
Nicira -> Nicira Networks Inc.
Nike -> Nike Inc.
Nike-Inc -> Nike Inc.
Nine -> Nine Entertainment Co. Holdings Limited
Ninety Percent of Everything -> OpenOcean Studio
Noa -> NOAA
Node -> Node.js Foundation
Node.js -> Node.js Foundation
Noiseless Acoustics -> NL Acoustics
Nomura -> Nomura Group
Noraneko, Inc. -> Noraneko
Nordea -> Nordea Bank
Nordic Semiconductor -> Nordic Semiconductor ASA
Nordnet Bank AB -> Nordnet Bank
Nordstrom -> Nordstrom Inc.
NortFound -> NotFound
Not Found -> NotFound
Not found -> NotFound
NotFounf -> NotFound
NotFund -> NotFound
Nota Inc, -> Nota
Notfound -> NotFound
Notional Builder -> 3dna Corp.
Nottle -> The Nottle Co
NovaTec -> NovaTech
Novatec -> NovaTech
Novell -> Novell Japan Ltd
Novozymes -> Novozymes Biologicals Inc.
NoyFound -> NotFound
Nuance -> Nuance Communications Inc.
Nuance Communications -> Nuance Communications Inc.
Nubera eBusiness -> Gartner
Nuclai -> Nuclei System Technology Co. Ltd.
Nucleus Systems -> Nucleus
Numberly -> 1000mercis
NuoDB -> NuoDB Inc.
Nutanix -> Nutanix Inc.
Nvidia -> NVIDIA Corporation
O'Reilly Media -> OReilly Media
O.S. Systems -> O.S. Systems Softwares LTDA
OCLC -> Online Computer Library Center Inc. (OCLC)
OCTADEV TN -> OCTADEV
OCTO -> OCTO Technology
OH!COOL CO., LTD. -> OH!COOL
OPPO -> Guangdong OPPO Mobile Telecommunications Corp. Ltd.
OSDC.TW -> OSDC
OSR Enterprises -> OSR Enterprises AG
OSRAM -> OSRAM SYLVANIA Inc
OSS -> OSS Capital
OVH -> OVH SAS
Oath -> Oath Inc. dba Verizon Media
Oberthur Technologies -> Oberthur Technologies (US)
Oblong Industries -> Oblong
Oblong Industries, Inc. -> Oblong
Odecee -> Odecee Careers
Odin -> Odin Health
Okkur -> Okkur Labs
Okta -> Okta Inc.
Olga’s Home Helpers -> Olga?s Home Helpers
Olivera Web -> Olivera Web Studio
Omise Co -> Omise Co. Ltd
Omise Co., Ltd. -> Omise Co. Ltd
One Source -> One Source Integrations
Open Collector -> Open Porn Network
Open Listing -> Opendoor Labs Inc
Open Networking Foundation (ONF) -> Open Networking Foundation
Open Source -> Open Source Initiative
Open Source Robotics Fundation -> Open Source Robotics Foundation
Open Wide -> OpenWide
Open source -> Open Source Initiative
OpenMesh -> Ope-Mesh
OpenNetSys -> NetSys
OpenReg -> OPENREG
OpenText -> Opentext Inc.
OpenWISP -> OpenWI
OpenX -> OpenX Technologies Inc.
Opendoor -> Opendoor Labs Inc
Opendor -> OpenDor Media
Opera -> Opera Software ASA
Operable -> GitHub Inc.
OpsGuru -> OpsGuru.io
Opsview Ltd -> Opsview
Optimised Healthcare -> Health
Optimizely -> Optimizely Inc.
Optoro -> Optoro Inc.
Optum -> Optum/UnitedHealth Group
Optus -> Singtel Optus
Oracle India Pvt -> Oracle India Pvt. Ltd.
Orion Health -> Orion Health Inc.
Oscarhealth -> Oscar Health Insurance
Oticon -> Oticon A/S
Otomato -> Otomato Software
Otono Networks -> IDEMIA
OutagePlanner -> OutagePlanner.com
Outbrain -> Outbrain Inc.
Outfittery Gmbh -> OUTFITTERY
Outreach -> Outreachy
Outreachy Intern -> Outreachy
Outreachy intern -> Outreachy
OverOps -> OverOps Inc.
PA Consulting -> PA Consulting Holdings Limited
PARC -> Palo Alto Research Center
PDT Partners -> PDT Partners LLC
PFNet -> Preferred Networks Inc.
PLUMgrid -> PLUMgrid Inc.
PNNL -> Pacific Northwest National Laboratory
PTC -> Parametric Technology Corporation
Pacific Life -> Pacific Life Insurance Company
Pacific Northwest National Laboratory - PNNL -> National
Pager Duty -> PagerDuty
Palantir -> Palantir Technologies
Panasonic -> Panasonic Corporation
Pandora Media -> Pandora Media Inc
Paradigma -> Paradigma Tecnológico
Parallels -> Parallels Research
PasientSky AS -> PatientSky
Payara -> Payara Services Limited
Paychex -> Paychex Inc.
Paypal -> PayPal
Paytm -> Paytm Labs
Peak6 -> PEAK6 Investments L.P.
PearsonVUE -> Pearson VUE
PeerApp -> PeerApp Ltd.
Pegasus -> Pegasus Solutions Inc.
Pegasystems -> Pegasystems Inc.
Peloton -> Peloton Technology Inc
PennState -> Penn State
Perforce -> Perforce Software Inc.
Perforce Software -> Perforce Software Inc.
Permanent -> Kaiser Permanente
PernixData -> Nutanix Inc.
Perooz -> PEROOZ The Magazine Creator
Pershing -> Pershing LLC
Persistent -> Persistent Systems
Personal -> Independent
Petback -> PetBack
Philip -> PHILIPS ELECTRONICS NA CO
Philips Dynalite -> Dynalite
Pickn -> PicknGo
Piedmont -> Central Piedmont Community College
Piksel -> Pikselpleks Labs LLC
Pillar -> 3Pillar Global
Ping Identify -> Ping Identity Corporation
Ping Identity -> Ping Identity Corporation
PingCap -> PingCAP
Pingcap -> PingCAP
Pivotal Software -> Pivotal
Pixable -> Medium
Planet Lia -> Lia Game
Planet Scale -> PlanetScale
Plantir -> Palantir Technologies
Platform9 -> Platform9 Systems Inc.
Platform9 Systems -> Platform9 Systems Inc.
PlayStation -> Sony Interactive Entertainment LLC
Points -> Points.com Inc
Poki -> PokitDok
Polaris Alpha -> Parsons
PoleX -> Polex
Polvi Co (@CoreOS) -> CoreOS Inc.
Polycom -> Polycom Inc.
Polyverse -> Polyverse Corporation
Pork industries -> pork checkoff
Portworx -> Portworx Inc.
Positive -> Positive s.r.o.
PostFinance -> PostFinance AG
Postgres Profesional -> Postgres Professional
Power Home Remodeling Group -> Power Home Remodeling Group LLC
Praekelt -> Praekelt.org
Pragmatics -> Pragmatics Inc.
Praim Srl -> Praim
Pramati -> Pramati Prism Inc.
Precisely -> Precisely Holdings LLC
Predic8 -> predic8
Preferred Networks -> Preferred Networks Inc.
Preferrend Networks -> Preferred Networks Inc.
Presidio -> Presidio Inc.
Pressly Inc. -> Pressly
Presto Software Foundation -> Presto
Prezi -> Prezi Inc.
Principal -> Principal Financial Services Inc.
PrismTech -> PrismTech Corporation
Private Consulting -> Private Consulting s.à r.l.
ProKarma -> ProKarma Inc.
Procter&Gamble -> Proctor & Gamble Company
Prodrive -> Prodrive Technologies
Product Ops -> productOps
ProfitBricks -> ProfitBricks Inc.
Progress -> Progress Software Corporation
Promontory Interfinancial Network -> Promontory Interfinancial Network LLC
ProphetStor Data Services -> ProphetStor
Protacon Solutions -> Pinja
Proxima Web -> Proxima
Proxmox -> Proxmox Server Solutions GmbH
PubNub -> PubNub Inc.
Publicis Groupe -> Publicis
Publicis Media -> Publicis
Puppet -> Puppet Inc.
Puppet Labs -> Puppet Inc.
PushApps -> Pushapp
Puzzle ITC -> Puzzle ITC GmbH
Python Software Fundation -> Python Software Foundation
Pôle emploi -> DSI of Pôle Emploi
QCT -> Quanta Cloud Technology Inc.
QIANKUN -> qiankun
QLogic -> QLogic Corporation
Qalcomm -> Qualcomm
Qbox -> Qbox (Supergiant)
QiO -> QiO Technologies
QingCloud -> QingCloud Technologies Corp.
Qiniu -> Qiniu Limited
Qlogic -> QLogic Corporation
Quagga -> Windstream Communications
Qualys -> Qualys Inc.
Quantcast -> Quantcast Corporation
Quantenna -> Quantenna Communications Inc
Quantum -> Quantum Corporation
QuantumSense -> QuantumSense Inc.
Quest Software -> Quest
Quest Software Inc. -> Quest
R&D Center, TravelSky Technology Limited -> TravelSky Technology
RAMBLER&Co -> RAMBLER
RB -> Reckitt Benckiser (North America) Inc.
REWE Digital -> REWE Digital GmbH
REWE Digitl -> REWE Digital GmbH
REWE digital -> REWE Digital GmbH
RISTEK Fakultas Ilmu -> Universitas Indonesia
RStor @rstorcloud -> rstorcloud
RStudio -> RStudio PBC
RT-RK -> RT-RK Computer Based Systems LLC
RX-M -> RX-M LLC
Rabobank ICT -> Rabobank
RackN -> RackN Inc.
Radio Clothing -> Radiocloth
Radisys -> Radisys Corporation
Radware -> Radware Inc.
Rahi Systems -> Rahi Systems Inc
Rails Girls PH -> Rails Girls
Rainist -> Bank Salad
Raise.com -> Raise Marketplace Inc.
Raising the Floor - International -> Raising the Floor
Rakuten -> Rakuten Inc.
Raleigh -> City of Raleigh
Rally Software -> Rally Software Development Corp.
Ramsgate Engineering -> RAMSGATE ENGINEERING INC.
Rancher -> Rancher Labs Inc
Rancher Labs -> Rancher Labs Inc
Rancher Labs, Inc. -> Rancher Labs Inc
Rangle.io -> Rangle
Rapiscan -> Rapiscan Systems
Raspberry -> Raspberry Pi
Raspberry Pi Foundation -> Raspberry Pi
Rayfay -> Rafay Systems
Reaction -> Reaction Engineering
RealPage -> RealPage Inc.
Recorded Future -> Recorded Future Inc.
Red  Hat -> NotFound
Red -> RED Digital Cinema Camera Company
Red Had -> NotFound
Red Hat - eNovance -> Red Hat
Red Hat @openshift -> Red Hat
Red Hat Canada Ltd -> Red Hat
Red Hat Inc. -> Red Hat
Red Hat OpenShift -> Red Hat
Red Hat, Inc -> Red Hat
Red Hat, Inc. -> Red Hat
Red Yak -> RED YAK
Red hat -> Red Hat
RedHat -> Red Hat
Redbox Automated Retail -> Redbox
Redes -> Grupo de Redes
Redfin -> Redfin Corporation
Redflex -> Redflex Traffic Systems
Redgate Software -> Redgate
Redhat -> Red Hat
Redhat Inc. -> Red Hat
Reinery29 -> Refinery29
Reliance Industries Limited -> RJIL
Relly Softtware -> Relly Software
Relo -> Reload A/S
Renault Digital -> Renault
Renault-Nissan-Mitsubishi -> Renault Nissan
RenderedText -> Semaphore / Rendered Text
Renesas Technology -> Renesas Electronics Corporation
Replicated -> Replicated Inc.
Resurs Bank -> Resurs Bank AB
Rethink -> RethinkDB
Return Path -> Return Path Inc.
ReturnPath -> Return Path Inc.
Revolv -> Revolv Inc.
Rewe Digital -> REWE Digital GmbH
Ricardo -> ricardo.ch AG
Ricardo AG -> ricardo.ch AG
Right Scale -> Flexera Software LLC
Ripple -> Ripple Inc.
Riverbed -> Riverbed Technology Inc.
Riverbed Technology -> Riverbed Technology Inc.
Robert Half -> Robert Half International
Robinhood -> Robinhood Financial LLC
Robotinfra -> RobotInfra
Roburio -> robur
Rockchip -> rock chips
Rodeo FX -> RodeoFX
Rogue Wave Software -> Rogue Wave Software Inc.
Rohde & Schwarz GmbH & Co. KG -> Rohde & Schwarz GmbH & Co. KG Dept. 1GS3
Roku -> Roku Inc.
Roorkee -> Indian Institute of Technology Roorkee
Rosetta Stone -> Rosetta Stone Inc.
Rovi -> Rovi Corporation
Royal Botanic Gardens -> Kew Gardens
Ruby -> Ruby on Rails
Ruckus Wireless -> Ruckus Wireless Inc.
Rundeck -> Rundeck Inc.
Runtastic -> Runtastic GmbH
SALT Solutions AG -> Salt
SAMSUNG -> Samsung Electronics Co. Ltd.
SAP AG -> SAP
SAP Ariba -> Ariba Inc.
SAP Hybris (@hybris) -> SAP
SAP Hybris -> SAP
SAP Labs LLC -> SAP
SAP SE -> SAP
SAPHO, INC -> SAPHO
SAS -> SAS Institute
SASTRION -> Tracxn Technologies Private Limited
SBCloud -> SB Cloud
SCM Ventures -> SCM INVENTURE PVT. LTD.
SCSK -> scsk corporation
SFEIR -> SFEIR SA
SHN -> VSHN AG
SICPA -> SICPA SA
SIGHUP -> SIGHUP s.r.l.
SINA -> Sina
SITA -> SITA USA
SIXT -> SIXT R&D India Pvt. Ltd.
SOLINOV -> solinov
SORINT.lab -> Sorint.lab S.p.A.
SS&C -> SS&C GlobeOp
SS&C Advent -> Advent Software Inc.
SS&C Technologies -> SS&C GlobeOp
ST Microelectronics -> ST Microelectronics Srl
STACKHPC -> StackHPC
STACKHPC LTD -> StackHPC
STC Solutions -> Arabian Internet and Communications Services Company Ltd
STIM -> STIMIO
STMicroelectronics -> STMicroelectronics International N.V.
STRABAG -> Strabag
SUSE -> SUSE LLC
SUSE / @suse -> SUSE LLC
SUSE Linux GmbH -> SUSE LLC
SVP -> SmoothVideo Project
SW Maestro -> SWM
SaM Solutions -> SaM Solutions GmbH
Saama -> Saama Technologies Inc.
Saddl -> Saddleback Leather
Saha -> Sahara Cluster
Saleforce -> Salesforce.com
SalesForce -> Salesforce.com
Salesforce -> Salesforce.com
Salmon -> Kurt Salmon
Sampo Software -> Sampo Software Oy
Samsung -> Samsung Electronics Co. Ltd.
Samsung Cloud Native Computing Team -> Samsung Electronics Co. Ltd.
Samsung Electronics -> Samsung Electronics Co. Ltd.
Samsung Research America -> Samsung Electronics Co. Ltd.
Samsung SDS America -> Samsung SDS
Sandvine -> Sandvine Incorporated
Sanmina -> Sanmina Corporation
Sansung-cnct -> Sansung
Santander -> Banco Santander
Sap -> SAP
Sapho -> Citrix Systems Inc.
Sapient -> Publicis Sapient
SapientNitro -> Publicis Sapient
SapientRazorfish -> Publicis Sapient
Sasken -> Sasken Communication Technologies Ltd.
Sauce -> Sauce Labs
Savant Advisors LLC -> Savant Advisors
Savari -> Savari Inc
Savoir-faire -> Savoir-faire Linux
Sberbank -> Sberbank Corporate University
ScalePlan -> spce-python
Scalec -> SCALEC
Scaler Labs -> scalarlabs
Scan Trust -> Scantrust
Scania Group -> Scania
Schibsted -> Shibsted Products & Technology
Schibsted Media -> Shibsted Products & Technology
Schibsted Media Group -> Shibsted Products & Technology
Schibsted Tech Polska -> Shibsted Products & Technology
Schlumberger -> Schlumberger Limited
Schroders -> Schroder Investment Management Limited
Scitor Corporation -> Science Applications International Corporation
Scoop -> Scoop Technologies
Scott Logic -> Scott Logic Ltd
Scout24 -> Scout24 AG
Scout24 Group -> Scout24 AG
ScriptDash -> ScriptDash Inc.
Scytale.IO -> Scytale
Scytale.io -> Scytale
Seagate -> Seagate Technology LLC
Seagate Technologies -> Seagate Technology LLC
SecureAuth -> SecureAuth Corporation
Securian Financial -> Securian Financial Group Inc.
Sela -> Sela Group
Self -> Independent
Self Employed -> Independent
Self employed -> Independent
Self-Employed -> Independent
Self-employed -> Independent
Seller -> DBSeller Sistemas Integrados
Sematext Cloud -> Sematext
Semihalf -> Semihalf Embedded Systems
Sequans -> Sequans communication
SequencelQ -> Cloudera Inc.
Serena Software -> Serena Software Inc.
Seven Minds LLC -> Seven Minds
Seznam -> Seznam.cz a.s.
Seznam.cz -> Seznam.cz a.s.
Shadow-Soft -> Shadow-Soft LLC
Shadow-soft -> Shadow-Soft LLC
Shanghai Jiao Tong University -> Independent
ShareThis -> Sharethis Inc
Shell -> Shell International Petroleum Company
Shiguredo -> Shiguredo Inc
Shoop -> LinkedIn Corp.
Shopify Inc. -> Shopify
Showbox -> Showbox (acquired by Powtoon)
Shutterfly -> Shutterfly Inc.
Shutterstock -> Shutterstock Images LLC
SiGHUP -> SIGHUP s.r.l.
Siemens -> Siemens AG
SierraWireless -> Sierra Wireless
Sigm Informatique -> Sigma
Sigma Designs -> Sigma Designs Inc.
Siili Solutions -> Siili Solutions Oyj
SimCorp -> SimCorp A/S
Simens -> Siemens AG
Singlewire Software -> Singlewire Software LLC
Singular -> SINGULAR MACHINERY
Sirius T -> Sirius
SiriusXM -> Sirius
SiriusXM Radio -> Sirius XM Radio Inc.
Siteworx -> siteworX
Sixgill -> Sixgill LLC
Skilld -> SkillD India
Sky Betting -> Sky Betting and Gaming
Sky Betting&Gaming -> Hestview Limited
Skyscrapers -> the skyscraper center
Slalom -> Slalom Consulting
Sleekcode -> the sleekcode
Smart Wires -> Smart Wires Inc.
Smartalyse -> Smartalyse Technologies
Smartcoder -> SMARTCODER
Smartcoder Ltd -> SMARTCODER
Smartrac -> SMARTRAC N.V
Smartsheet -> Smartsheet.com
Snap -> Snap Snap
Snow B.V -> Snow B.V.
Snow day calculator -> Snow Day Calculator
Snowball -> Try Snowball
Snowflake -> Snowflake Computing Inc.
Snyk -> Snyk Ltd.
SoFi -> Social Finance (SoFi)
Social Magnetics -> Social Magnets
Social Point -> Social Point S.L.
Socialpoint -> Social Point S.L.
Societe Generale -> Société Générale
Socrata -> Socrata Inc.
Soficom -> Social Finance (SoFi)
SoftLayer -> SoftLayer Dutch Holdings B.V.
SoftServe -> Soft Serve Inc.
Softplan Planejamento e Sistemas -> Softplan
Software & Things -> software-things
Software Freedom Conserwancy -> Software Freedom Conservancy
SoftwareONE -> SoftwareONE USA
SolarCity -> SolaryCity
Solarflare Communications -> Solarflare Communications Inc.
SolidFire -> Solidfire Inc.
Solum Solutions -> solumsolutions
Solutions Plus -> SOLUTIONSplus Project
Soluto -> Soluto Engineering
Somer -> Somerville House
Sonatype -> Sonatype Inc.
Sonowflake -> Snowflake Computing Inc.
Sonrai -> Sonrai Security
Soonr -> Datto Inc
Sophos -> Sophos Ltd.
SoundCloud -> SoundCloud Limited
Source Mage GNV -> Source Mage
SourceMage -> Source Mage
SourceMageGNV -> Source Mage
Sourcegraph -> Sourcegraph Inc
Sourcegraph.com -> Sourcegraph Inc
Sovrn Holdings -> Sovrn
Spaceflight I -> Spaceflight
Spectro Cloud -> Spectro Cloud Inc
SpeedyCloud -> Beijing Speedy Cloud Co. LTD.
Spidex LLC -> Spidex
Spirent -> Spirent Communications Inc
Splice.com -> Splice
Splunk -> Splunk Inc.
SpotHero -> Spot Hero
Spotify -> Spotify Sweden AB
Spreemo Health -> Spreemo
Spring -> SpringSource Inc.
Sprouts Tech -> Sprout Technology
Square -> Square Inc.
Squared -> Schneider Electric
Stack.Build -> Stack Build
StackEngine -> StackEngine (now owned by Oracle)
StackPointCloud -> NetApp Inc.
StackPointCloud, Inc. -> NetApp Inc.
Stackpoint.io -> NetApp Inc.
Stakater -> Stakater AB
Stanford University -> Independent
Staples -> Staples Inc.
Star Hub -> StarHub
Starbuck -> Starbucks Corporation
Starbucks -> Starbucks Corporation
Stardog -> Stardog Union
Starfleet @kenzanmedia -> Kenzanmedia
Stark & Wayne -> Stark & Wayne LLC
Start-UP -> Startup
Start-Up -> Startup
Start-up -> Startup
Stash -> StashAway
State Farm -> State Farm Mutual Insurance Company
State Key Lab of CAD&CG -> Independent
State Street -> State Street Corp.
StateStreet -> State Street Corp.
Status -> StatusNet
Stefanini Brasil -> Stefanini
Stem -> Stem Inc
Step Stone -> StepStone
Stepwise Analytics -> Stepwise LLC
Steria -> Sopra Steria
Sticket Mule -> Sticker Mule
StorageOS -> StorageOS Ltd
Storm Reply -> Storm Reply GmbH
StoutLLC, @DataVoke -> StoutLLC
Stripe -> Stripe Inc.
Stripe, @HackTheNorth -> Stripe Inc.
Student -> Independent
Studying -> Independent
Styler -> styler mobility
Styra, Inc. -> Styra
SuSE -> SUSE LLC
Sulake Dynamoid -> Sulake
Summatrix -> CuteStat
SunGard -> Fidelity National Information Services Inc.
Sungard Availability Services -> Sungard AS
Sure -> SUSE LLC
Surrey -> University of Surrey
Survey Sampling -> Survey Sampling International LLC
Suse -> SUSE LLC
Susquehanna International Group -> Susquehanna
Sutherland -> Sutherland Global Services
Svenska Middlewaregruppen -> Svenska Middlewaregruppen AB Org.
Swarco Nordic -> SWARCO
Swasth -> swasth
Symantec -> Symantec Corporation
Symbiont -> Symbiont.io Inc.
Symphony RetailAI -> Symphony
Synadia -> Synadia Communications
Synamedia -> Synamedia Vividtec Holdings Inc.
Synerzip -> Synerzip Softech India Pvt LTD
Synologa -> Synology
Synopsys Inc -> Synopsys
Syntel -> Syntel Inc
SysEleven -> SysEleven Gmbh
Sysco -> SYSCO Corporation
T-Mobile -> T-Mobile PCS Holdings LLC
T-Systems Iberia -> T-Systems
T-Systems Multimedia Solutions -> T-Systems
T4G -> T4G Limited
TACC -> Texas Advanced Computing Center (TACC)
TAPSI -> Tapsi Electro medical System & services
TCF Bank -> TCF Financial
TCL Corporate Research -> TCL Corporate Research (Hong Kong) Co Limited
TCS -> Tata Consultancy Services
TD -> TD Bank Financial Group
TEDxHackney -> TED Foundation Inc
TEDxIIT Hyderabad -> IIT Hyderabad
TEDxLugano -> TED Foundation Inc
TELUS -> TELUS Communications Inc.
TFG -> TFG Co
TIBCOSoftware -> TIBCO
TMAXA&C -> TmaxA&C
TMAXAC -> TmaxA&C
TMAXCLOUD -> TmaxA&C
TMAXSOFT -> TmaxA&C
TMP Worldwide -> TMP Worldwide Advertising & Communications LLC
TMaxA&C -> TmaxA&C
TMaxAC -> TmaxA&C
TMaxCloud -> TmaxA&C
TMaxSoft -> TmaxA&C
TNG Technology -> TNG
TOTAL -> TOTAL MARKETING SERVICES
TSMC -> TSMC (TAIWAN SEMICONDUCTOR MANUFACTURING COMPANY LIMITED)
TSYS -> TSYS Corporation
TUBITAK -> TUBITAK UEKAE
TV 2 DANMARK -> TV 2
TVMining -> Tianmai Juyuan (Beijing) Technology Co Ltd.
Tag1 -> Tag1 Consulting Inc.
Tai-Dev -> tai-dev
Talend -> Talend Inc.
Talos -> Talos Systems
Tango -> TangoME Inc.
Taobao Marketplace -> Taobao
Taringa -> IOV Labs
Tata Consultancy -> Tata Consultancy Services
Tattile s.r.l. -> Tattile
Tavisca Solutions -> Tavisca LLC
TeamRock -> Louder
Teamhephy -> Hephy Workflow
Teamwork -> Teamwork.com
Tecbeast -> TecBeast Software Development Company
Tech Mahindra -> Tech Mahindra Ltd.
Tech9 Computer Solutions, LLC -> Tech9 Computer Solutions
Technip -> TechnipFMC
Teem by WeWork -> WeWork
Tekion Corp -> Tekion
Tektronix -> Tektronix Communications
Telefónica -> Telefonica
Telekom -> Deutsche Telekom AG
Telemetry -> BioTelemetry
Telenor Digital -> Telenor
TelenorDK -> Telenor
Teletronics -> Teletronics International
Telia -> Telia Company AB
Telstra -> Telstra Corporation Limited
Telus -> TELUS Communications Inc.
Tembo -> Temboo
Temenos -> Temenos Group USA
Tenable -> Tenable Network Security Inc.
Tenaris -> Tenaris Global Services Corp.
Tencent -> Tencent Holdings Limited
Teradata Aster -> Teradata
Tetrate -> Tetrate.io
Texas Instruments -> Texas Instruments Incorporated
TexasInstruments -> Texas Instruments Incorporated
Textron -> Textron Inc.
The AgileCrete Org Team -> AgileCrete
The Apache -> Apache
The Apache Software -> Apache
The Apache Software Foundation -> Apache Software Foundation
The Bridge Tanzania -> The Bridge TechCreative Ltd
The Climate -> Climate Corporation
The Hartford -> Hartford Financial Services Group Inc.
The Home Depot -> Home Depot Inc.
The New York Times -> New York Times
The Program -> The Programming Foundation
The Runship -> Therunship
The TigerWorks -> Tiger Works
The Tigerworks -> Tiger Works
The Travel -> TheTravel
The Walt Disney -> Walt Disney Animation Studios
The WebRoot -> Webroot Inc.
The Zephyr -> Zephyr Project
The moonshot factory -> X the moonshot factory
The tigerworks -> Tiger Works
Thetus Corporation -> Savanna
Thinkful -> Thinkful Inc.
ThinkingPhones -> FuzeInc.
Thomson Reuters -> Thomson Reuters Markets LLC
Thought Machine -> Thought Machine Group Ltd.
Thought Works -> ThoughtWorks
Thought works -> ThoughtWorks
ThoughtWorksInc -> ThoughtWorks
Thoughtworks -> ThoughtWorks
Threadless -> Skinnycorp LLC
Threat Stack -> Threat Stack Inc.
Thunderhead -> Thunderhead.com
Tibco -> TIBCO
Tieto -> TietoEVRY
TigerWorks -> Tiger Works
Tigerworks -> Tiger Works
Tikal - Fullstack as a Service -> Tikal development
Tim Carr -> TIM CARR
Time -> Time Inc.
Timshel -> Mysite
TmaxAC -> TmaxA&C
TmaxCloud -> TmaxA&C
TmaxSoft -> TmaxA&C
Toast -> Toastmasters International
Token858 Capital -> Capita
Tokopedia -> PT Tokopedia
Topicus Finan BV -> Topicus
Topicus LegalTech -> Topicus
Topicus.Education -> Topicus
Toptal -> Toptal LLC
Toshiba -> Toshiba Corporation
Total -> TOTAL MARKETING SERVICES
Tracelytics -> AppNeta
Tradesy -> Tradesy Inc.
Tradeweb -> Tradeweb Markets LLC
TradingScreen -> TradingScreen Inc.
Traiana -> ICAP PLC (DBA as Traiana)
Trainline -> Trainline plc
Transition Technologies - Managed Services -> Transition Technologies
Transwarp -> Transwarp Technology (Shanghai) Co. Ltd
Traum -> Happy Traum
Travel Audience -> travel audience
Travix -> Travix Nederland BV
Treasure -> Treasure Data Inc.
Treasure Data -> Treasure Data Inc.
TreasureData -> Treasure Data Inc.
Tremolo Security, Inc. -> Tremolo Security
Trend Micro -> Trend Micro Incorporated
TrendMicro -> Trend Micro Incorporated
TrendMicro Inc. -> Trend Micro Incorporated
Trendyol -> Trendyol Group
Tresler Co. -> Tresler
Tribunal -> Tribunal de Justiça do Estado de Goiás
Tribune Media Services -> Tribune Media
TriggerMesh -> TriggerMesh Inc.
Trimble -> Trimble Inc.
Trip Nation -> Tripnation
Tripwire -> Tripwire Inc.
Trulia -> Trulia Inc.
Trumin -> Truminds Software Systems
Trunk -> Trunk Club
Tube Mogul -> Adobe Inc.
TubeMogul -> Adobe Inc.
Tubi TV -> Tubi
Tucows -> Tucows Hosting
Tuenti Technologies @tuenti -> Tuenti Technologies
Tufin -> Tufin Technologies
Tumblr -> Tumblr Inc.
Turbine -> Turbine Labs
Turbine labs -> Turbine Labs
Tuxera -> Tuxera Inc.
Twin Prime -> Salesforce.com Inc.
Twinfield -> Wolters Kluwer
Twistlock -> Twistlock Inc.
Two Sigma -> Two Sigma Investments LP
Tyk -> Tyk Technologies Ltd.
Typesafe -> Lightbend Inc
TÜV SÜD -> TV SD Product Service GmbH
U-blox -> u-blox AG
UBS -> UBS Business Services AG
UIC -> University of Illinois at Chicago
UK Home Office -> HM Revenue and Customs (HMRC)
UMCloud -> UCloud Information Technology (HK) Limited
UOL -> UOL DIVEO
UW-Madison -> Space Science & Engineering Center University of Wisconsin-Madison
Ubie -> UBIO
Ubiquiti -> Ubiquiti Inc.
Ultimate -> Ultimate Software
Umbel -> Umbel Corp.
Uniplaces -> Uniplaces Ltd.
Unique Cinema Systems -> Uniplaces Ltd.
United Overseas Bank Limited -> United Overseas Bank Limited (UOB)
UnitedHealth -> UnitedHealth Group
Universidad Rey Juan Carlos -> Independent
University -> Independent
University of British Columbia -> Independent
University of Michigan -> Independent
University of North Dakota Aerospace Network -> Independent
Untab -> Untab Inc.
Upgrade -> Upgrade Inc.
Upland Qvidian -> Char Software Inc
Upsolver -> Upsolver Inc.
Upwork -> oDesk Corporation
UrtheCast -> UrtheCast Corp
UserZoom -> User Zoom Inc
Ustream -> Ustream Inc.
Ustream, Inc. -> Ustream Inc.
Utility Warehouse PLC -> Utility Warehouse
VANTIQ -> VANTIQ Corporation
VERISIGN -> VeriSign Inc.
VIAVI Solutions -> Viavi Solutions Inc.
VK Media -> VK Media AB
VMWARE -> VMware Inc.
VMWare -> VMware Inc.
VMware -> VMware Inc.
VMware Inc -> VMware Inc.
VMware, Inc. -> VMware Inc.
VSHN -> VSHN AG
VSP Global -> Vision Service Plan dba VSP Global
VSware -> VMware Inc.
VTB -> JSC VTB Bank
Vail Systems -> HighVail Systems
Vainu.io -> Vainu
Valve -> Valve Corporation
Vanta -> Hitachi Vantara
Vantiv -> Fidelity National Information Services Inc
Varian -> Varian Medical Systems
Various Companies -> Various
Varonis -> Varonis Systems Ltd.
Veepee -> vente-privee devient Veepee
Veeva Systems -> Veeva Systems Inc.
Veniam -> Veniam Inc.
Venturit Inc. -> Venturit
Veracode -> Veracode Inc.
Verify -> DoubleVerify
Verint -> Verint Systems Inc.
Verisk Financial | Retail Solutions -> Verisk
Veritas Technologies -> Veritas
Verizon Media Platform -> Verizon
Verk -> Verkada
Vernacular -> Vernacular.ai
Vertafore -> Vertafore Inc.
Very Good -> Very Good Security
Vestas -> Vestas Americas
VexxHost -> VEXXHOST Inc.
Via Oncology -> Elsevier
Viavi Solutions -> Viavi Solutions Inc.
Virtusa -> Virtusa Corporation
Viryuozzo -> Virtuozzo
Visma -> Visma Connect BV
Visteon -> Visteon Innovation and Technology GmbH
Visteon Corporation -> Visteon Innovation and Technology GmbH
Vitech -> Vitech Systems Group
VivaRealBrasil -> VivaReal
ViyetInc -> Viyet
Vmware -> VMware Inc.
VodafoneZiggo -> Vodafone Group Services Limited
Vogelaar -> Vogelaar Vredehof
Volkswagen AG -> Volkswagen
Volterra -> Volterra Inc
Volvo Cars -> Volvo
Volvo IT -> Volvo
Vonage -> Vonage Holdings Corp.
Vube -> VUBE
Vue -> HireVue
Vuforia -> PTC Inc
Vulk -> Vulk Coop
Vyatta -> Vyatta Inc.
Vzar -> F6S
WD Western Digital -> Western Digital Corporation
WELT corp -> WELT
WISEDV INC -> WISEDV
WISEDV INC. -> WISEDV
WSO2 -> WSO2 Inc.
WW (formerly Weight Watchers) -> WW
Waitrose & Partners -> Waitrose
Wallmob -> Extenda Go
Walmart Global -> Walmart
Walmart eCommerce -> Walmart
Walt Disney -> Walt Disney Animation Studios
Wanclouds -> Wanclouds Inc.
Wantedly, Inc. @wantedly -> Wantedly
Warner Bros -> Warner Bros. Entertainment Inc.
Watchup -> Plex Inc
Wavefront by VMware -> Wavefront
Waverley -> Waverley Software
Waveroll -> F6S
Waves Tech -> GreenWaves Technologies
Web Summit -> Connected Intelligence Limited
WebShar -> WebShar India Pvt Ltd
WebSumit -> Connected Intelligence Limited
Weibo.com -> Sina Weibo
Wellington & King, Inc. -> Wellington & King
Welltok -> Welltok Inc.
Wendu -> Century Wendu Education Technology Group
Westerm Digital -> Western Digital Corporation
Western Digital -> Western Digital Corporation
Western Register -> Western Register Inc.
WesternDigital -> Western Digital Corporation
Westerndigital -> Western Digital Corporation
WhizUs -> WhizUs GmbH
Widen -> Widen Enterprise
Wikimedia -> Wikimedia Foundation
Wikimedia Deutschland e.V. -> Wikimedia Foundation
WildTangent -> Wild Tangent
Wincorn Nixdorf -> Diebold Nixdorf
Wind River -> Wind River Systems Inc.
Winder Research -> Phil Winder
Windstream -> Windstream Communications
Wipro -> Wipro Limited
Wise2c -> Shenzhen Wise2C Technology Co.Ltd
Wisma -> University of Technology Business and Design in Wismar
Witekio -> Witekio Holding
Wix -> Wix.com Ltd
Wix.com -> Wix.com Ltd
Wolfsom -> University of Cambridge
Wombat -> Wombat Software UG
Woodward Poland -> Woodward Inc.
Workable -> Workable Inc
Workfront -> Workfront Inc.
Workiva -> Workiva Inc.
Workshare -> Litera Corp.
Workshop -> The Workshop
World Wide -> World Wide Technology Inc.
World Wide Technology -> World Wide Technology Inc.
Worldbroken -> Zink Media LLC
Worldline -> SIA Worldline Latvia
Worldline by Atos -> Worldline Global
Worldpay -> Worldpay INC
Wpro Digital -> Buildit@wprodigital
X, the moonshot factory -> X the moonshot factory
X-ion -> Xion Protective Gear
XLAB d.o.o. -> XLAB
XORED -> Xored
XSKY -> XSKY Cooperation
XSky -> XSKY Cooperation
XeThru by Novelda -> Novelda
Xebia France -> xebia.fr
Xevo -> Xevo (formerly UIEvolution)
Xilinx -> Xilinx Inc.
Xooa -> Xooa Inc
Xoom -> Xoom Corporation
Xored Software -> Xored
Xored Software I -> Xored
Xoriant -> Xoriant Corporation
Y Soft -> Y Soft Corporation a.s.
YLD -> YLD! Limited
YOOX NET-A-PORTER -> YOOX NET A PORTER GROUP SPA
YOOX NET-A-PORTER GROUP -> YOOX NET A PORTER GROUP SPA
YPlan -> Time Out England Limited
Yahoo -> Yahoo! Inc.
Yahoo! -> Yahoo! Inc.
Yahoo! Japan -> Yahoo! Japan Corporation
Yak Shave -> The Yak Shave
Yapı Kredi -> Yapı Kredi Technology
Yaroslavl City Building College -> Yaroslavl-Online
YesMastr -> YesMaster
Yext -> Yext Inc.
Yik Yak -> yilyak
Yinnut -> RIPRO
Yippie -> Yipee.io
Yoctol -> YOCTOL.AI
Yodle -> Yodlee Inc.
YouEye -> User Zoom Inc
YouGov Signal -> YouGov
YourHelpingHand -> Your Helping Hand
Yoyo -> Yoyo Holdings
Yum! Brands -> Yum! Brands Inc.
Z Lab Corporation -> Z Lab
Z lab -> Z Lab
ZBJ -> zbj.com
ZEIT -> Zeit
ZEROFAIL Montreal -> Beanfield Technologies Inc
ZF Group -> ZF North America Inc.
ZFP Südwürttemberg -> Bolzplatz Eichenau
ZITiS -> service.bund.de
ZJU -> Zhejiang University
ZJU-SEL -> Zhejiang University
ZOZO -> ZOZO Technologies
ZPE -> ZPE Systems Inc.
ZTE Corp -> ZTE
ZTE Corp. -> ZTE
ZTE Corporation -> ZTE
ZTE Corportaion -> ZTE
Zaland -> Zalando
Zalando SE -> Zalando
ZeOmega -> ZeOmega Inc.
Zeekit -> Zeekit Online Shopping Ltd
Zeffi -> ZEF Ltd
Zeitspace -> Zeitspace Inc
Zend -> Zend Technologies Ltd.
Zengularity -> Fabernovel
ZeniMax -> ZeniMax Media Inc
Zenoss -> Zenoss Inc.
Zenus Biometrics -> Zenus Inc
Zephyr -> SmartBear Software Inc.
Zeppelin -> Zeppelin Group
ZeroG -> ZERO-G
ZeroLatency -> ZeroLag Communications Inc.
Zerodha -> Zerodha Broking Limited
Zesty.io -> Zesty.IO Platform Inc
Zeta Global -> Zeta Interactive Corp.
ZheJiang  University -> Zhejiang University
ZheJiang University -> Zhejiang University
Zillow -> Zillow Inc.
Zilogic -> Zillow Inc.
ZipRecruiter -> ZipRecruiter.com
Zoho -> Zoho Corporation
Zoku -> Zoku LLC
Zone Media -> ZONE MEDIA
Zooplus AG -> zooplus
Zoover & Weeronline -> Weeronline
Zoox -> Zoox in.
Zulily -> Zulily Inc.
Zuora -> Zuora Inc.
Zynga -> Zynga Inc.
acision -> Acision Czech Republic sro
actimeo -> Actimeo
adessoag -> adesso AG
adtran -> Adtran
alauda -> Alauda
alibaba -> Alibaba
amd -> Advanced Micro Devices Inc.
amysta -> Amysta
ansible Red Hat -> Red Hat
ant financial -> ant group
antyfinancial -> ant group
apcera -> Apcera
appknox -> Appknox
apprenda -> Apprenda Inc.
arm -> ARM
armory -> Armory Inc
athenahealth -> athenahealth Inc.
atlassian -> Atlassian Inc.
aws -> Amazon
babyLibre -> BabyLibre
babylibre -> BabyLibre
balena -> Balena Inc.
bayLibre -> BabyLibre
baylibre -> BabyLibre
bengo -> Abengoa
bexio AG -> bexio
binarygoo inc. -> binarygoo
bitnami -> Bitnami
blackrock -> BlackRock Financial Management
blizzard -> Blizzard
bouyant -> Buoyant Inc.
box -> Box Inc.
bufferapp -> Buffer
buoyant -> Buoyant Inc.
bytedance -> ByteDance
caicloud -> Caicloud
caicloud.io -> Caicloud
canal+ -> CANAL+
caterpillar financial -> Caterpillar
cellent -> x-cellent technologies GmbH
cern -> CERN
cisco -> Cisco
ciscosystems -> Cisco
clibs -> clib
cloud bees -> CloudBees Inc.
cloud native computing foundation -> CNCF
cloudbees -> CloudBees Inc.
cloudflare -> CloudFlare Inc.
cmcc -> China Mobile International Limited
cncf -> CNCF
cncf @kubernetes @Mirantis -> Mirantis Inc.
cns.me ltd -> cns.me
coala Association -> coala
cockroach -> Cockroach Labs
cockroachdb -> Cockroach Labs
cocroach -> Cockroach Labs
codecentric -> Codecentric AG
codecentric AG -> Codecentric AG
codedellemc -> dell
comScore -> comScore Inc.
communicode AG -> communicode
container solutions -> Container Solutions
containersolutions -> Container Solutions
contentful -> Contentful
coreos + hobbies -> CoreOS Inc.
coreos -> CoreOS Inc.
cosee -> cosee GmbH
curious llc -> Curious
cyber•Fund -> cyber?Fund
dabapps -> DabApps
daoCloud -> DaoCloud (Shanghai DaoCloud Network Technology Co LTD)
daocloud -> DaoCloud (Shanghai DaoCloud Network Technology Co LTD)
defold / King -> defold
deis -> DEIS
descomplica -> Descomplica
didi -> Xiaoju Science Technology (Hong Kong) Limited
digital Ocean -> DigitalOcean
digital ocean -> DigitalOcean
digitalOcean -> DigitalOcean
digitalocean -> DigitalOcean
draios (Sysdig) -> Sysdig
draios -> Sysdig
dreipunktnull -> 3
dunnhumby -> Dunnhumby Ltd
e-Spirit AG -> e-Spirit
eBay -> eBay Inc.
eBay Inc -> eBay Inc.
eFolders -> Axcient Inc
eService -> eserviceinteractive
easystack -> EasyStack Inc.
ebay -> eBay Inc.
elastic -> Elasticsearch Inc.
enea -> ENEA Software AB
facebok -> Facebook Inc.
facebook -> Facebook Inc.
faceit @nasa -> NASA Ames Research Center
filipkart -> Flipkart
finleap -> finleap connect GmbH
finleap connect -> finleap connect GmbH
finn-no -> FINN.no
flipkart -> Flipkart
fojitsu -> Fujitsu Limited
free lance -> Independent
free lancer -> Independent
freee -> freee co. ltd
freelance -> Independent
freelancer -> Independent
freschtracks.io -> FreshTracks.io (CA INC)
freshtracks.io -> FreshTracks.io (CA INC)
futurewei -> Futurewei Technologies Inc.
garden.io -> Garden Technologies Inc.
geopy -> PyPI
giantswarm -> Giant Swarm
globallogic -> GlobalLogic Inc.
google -> Google
google @kubernetes -> Google
google and @pclubiitk -> Google
grafana -> Grafana Labs
grafana labs -> Grafana Labs
gravitational -> Gravitational Inc.
greenqloud -> NetApp Inc.
greymatter.io -> Grey Matter
hashicorp -> HashiCorp
hcl -> HCL Technologies Ltd.
heroku -> Heroku Inc.
hewlett-packard -> HPE
hisilicon -> Hisilicon Technologies Co. Ltd.
honeycomb -> Honeycomb
hotels.com -> Hotels.com
hpcloud -> HPE
http://bitnami.com -> Bitnami
http://cloud9ers.com/ -> Cloud9ers
http://elastisys.com/ -> elastisys
http://www.h2o.ai -> h2o.ai
https://deis.com/ -> DEIS
https://www.douyu.com/ -> Douyu.com
huawei -> Huawei Technologies Co. Ltd.
hyper.sh -> Hyper.sh
i2CAT -> i2CAT Foundation
iHeart Media -> iHeartMedia Inc
iHerb -> iHerb LLC
iSense -> SiSense
iWeb -> iWeb Hosting
ibm -> IBM
iborn -> MaibornWolff
iglu.com -> Iglu
imdepemdemt -> Independent
imdepemdent -> Independent
imdependemt -> Independent
imdependent -> Independent
indepemdent -> Independent
independant -> Independent
independemt -> Independent
independent -> Independent
independeny -> Independent
independnt -> Independent
indiehosters -> IndieHosters
infosys -> Infosys
inktank -> Inktank
innRoad -> innRoad Inc.
innoscale -> innoscale AG
innuit -> Intuit
intuit -> Intuit
inovex -> inovex GmbH
inspur -> Inspur
intel -> Intel
intelsdi-x -> Intel
invenio -> Invenio
iomed.health -> IOMED
ip morgan chase -> JP Morgan Chase
ipmorganchase -> JP Morgan Chase
ipoque -> ipoque GmbH
jD -> Jd.Com
jd -> Jd.Com
jd.COM -> Jd.Com
jd.Com -> Jd.Com
jd.com -> Jd.Com
jp morgan chase -> JP Morgan Chase
jpmorganchase -> JP Morgan Chase
juniper -> Juniper Networks
justwatchcom -> JustWatch
kakao -> kakaobank
kinvolk -> Kinvolk GmbH
klarna -> Klarna
kreuzwerker -> Kreuzwerker
lastminute.com -> lastminute
lden Delicious Computers GmbH&Co -> Golden Deli. Comp.
lightStep -> LightStep Inc.
lightstep -> LightStep Inc.
linaro -> Linaro Limited
linkedin -> LinkedIn Corporation
linutronix -> Linutronix GmbH
linux foundation -> The Linux Foundation
linuxfoundation -> The Linux Foundation
lndependent -> Independent
luizalabs -> Luizalabs
lunar way -> Lunar Bank A/S
lyft -> Lyft
math works -> The MathWorks INC
mathworks -> The MathWorks INC
mayadata -> MayaData
mayadata.IO -> MayaData
mayadata.io -> MayaData
maydata -> MayaData
maydata.IO -> MayaData
maydata.io -> MayaData
mellanox -> Mellanox
mentor graphics -> Mentor Graphics Corporation
mentorgraphics -> Mentor Graphics Corporation
mesosphere -> Mesosphere
messagebird -> MessageBird
microsoft -> Microsoft Corporation
microsofts -> Microsoft Corporation
mindkeeper -> mindkeeper solutions GmbH
mozilla -> Mozilla
msg systems -> msg
n/a -> Independent
natureserve -> NatureServe
natureserwe -> NatureServe
net ease -> NetEase Inc
netapp -> NetApp Inc.
netbank -> Commonwealth Bank of Australia
netease -> NetEase Inc
netflix -> Netflix
nokia -> Nokia
not found -> NotFound
notfound -> NotFound
npm -> npm Inc.
ntes -> NTES GmbH Windkraftservice
nudge -> Nudge
nvidia -> NVIDIA Corporation
nytimes -> New York Times
nyu -> NYU Langone Medical Center
ocadotechnology -> Ocado
openebs -> OpenEBS
opsangeles.com -> Guangdong OPPO Mobile Telecommunications Corp. Ltd.
oracle -> Oracle
orijtech -> Orijtech
ovotech -> Egg breakers egg centrifuges egg washers - OVO-TECH
ownCloud -> ownCloud Inc.
pager duty -> PagerDuty
pagerduty -> PagerDuty
pair -> pair Networks
palantir -> Palantir Technologies
pingCAP -> PingCAP
pingCap -> PingCAP
pingcap -> PingCAP
pivotal -> Pivotal
planet scale -> PlanetScale
planetscale -> PlanetScale
plantir -> Palantir Technologies
projectcalico @tigera -> Tigera
puppetlabs -> Puppet Inc.
qalcomm -> Qualcomm
qlogic -> QLogic Corporation
qualcomm -> Qualcomm
rackspace -> Rackspace
raywalker.it -> raywalker
reactiveops -> ReactiveOps
red hat -> Red Hat
reddit -> Reddit
redhat -> Red Hat
redhat-developer -> Red Hat
redhat-developer, @minishift, @gbraadnl -> Red Hat
s1network -> S1 Network Solution
salesforce -> Salesforce.com
salestock -> Sorabel
saltstack -> SaltStack
samsung -> Samsung Electronics Co. Ltd.
samsung-cnct -> Samsung Electronics Co. Ltd.
sap -> SAP
scytale -> Scytale
scytale.IO -> Scytale
scytale.io -> Scytale
self -> Independent
self Employed -> Independent
self employed -> Independent
self-Employed -> Independent
self-employed -> Independent
siemens -> Siemens AG
sierra wireless -> Sierra Wireless
sierrawireless -> Sierra Wireless
simens -> Siemens AG
sky-uk -> Sky
slack -> Slack
soficom -> Social Finance (SoFi)
soundcloud -> SoundCloud Limited
source mage -> Source Mage
source mage gnv -> Source Mage
sourcemage -> Source Mage
sourcemagegNV -> Source Mage
startuphero.es -> StartupHeroes
storageos -> StorageOS Ltd
strabag -> Strabag
student -> Independent
studying -> Independent
styra -> Styra
suse -> SUSE LLC
synopsys -> Synopsys
takealot -> Takealot.com
tata -> Tata Consultancy Services
teacherspayteachers -> TeachersPayTeachers
tencent -> Tencent Holdings Limited
texas instruments -> Texas Instruments Incorporated
texasinstruments -> Texas Instruments Incorporated
the TigerWorks -> Tiger Works
the Tigerworks -> Tiger Works
the linux foundation -> The Linux Foundation
the moonshot factory -> X the moonshot factory
the tigerworks -> Tiger Works
thePlatform -> thePlatform for Media Inc.
thought works -> ThoughtWorks
thoughtworks -> ThoughtWorks
tigera -> Tigera
tigerworks -> Tiger Works
tmaxa&c -> TmaxA&C
tmaxac -> TmaxA&C
tmaxcloud -> TmaxA&C
tmaxsoft -> TmaxA&C
treasure data -> Treasure Data Inc.
treasure-data -> Treasure Data Inc.
treasuredata -> Treasure Data Inc.
truenova -> True Nova
turbine labs -> Turbine Labs
twitch.tv -> Twitch
uShip -> uShip Inc.
udacity -> Udacity
university -> Independent
unu -> UNU-MERIT
virtuozzo -> Virtuozzo
vmware -> VMware Inc.
volkswagen -> Volkswagen
volvo -> Volvo
wd western digital -> Western Digital Corporation
wdas -> Walt Disney Animation Studios
weaveworks -> Weaveworks
weibeld.net -> Daniel Weibel
wercker -> Wercker
westerm digital -> Western Digital Corporation
westerngdigital -> Western Digital Corporation
wisdev -> WISDEV
wix.com -> Wix.com Ltd
x-ion -> Xion Protective Gear
xFlow Research -> xFlow Research.com
xMatters -> xMatters Inc.
xiaomi -> XiaoMi
xored -> Xored
xored software -> Xored
xored software i -> Xored
youtube -> Google
z lab -> Z Lab
zalando -> Zalando
zalando @zalando-incubator -> Zalando
zendesk -> Zendesk
zju -> Zhejiang University
zlabjp -> Z Lab
École de technologie supérieure -> École de technologie supérieure (ÉTS)
Бизнес Тренд -> Business Trend LLC
Делимобиль -> Delimobil
Лига Ставок -> League of Bets
МТС -> МТS
НГС.ТЕХНОЛОГИИ (NGS.RU) -> Shkulev Media Holding
Центр информационных технологий -> Information Technologies Center LLC
中科院计算技术研究所 -> Institute of Computing Technology Chinese Academy of Sciences
之江实验室 Zhejiang -> 之江实验室 Zhejiang Lab
凯京科技 -> keking
实地地产 -> SEEDLAND
恩普特 -> Empote
株式会社MIN -> MINS MINIS
株式会社テクノモバイル -> Techno Mobile Co. Ltd.
株式会社マネーフォワード -> Money Forward
欢聚时代 -> Joyy Inc.
豆瓣 -> Douban
